 formula,group,  P [GPa],  lambda,  w_log [K],   mu,     Tc [K], reference
   S2H5 ,    1,      100,  1.0786,     902.09, 0.17,   49.5486 , https://doi.org/10.1038/srep23160
   S2H5 ,    1,      112,  1.1857,     897.9 , 0.17,   58.3099 , https://doi.org/10.1038/srep23160
   S2H5 ,    1,      120,  1.2390,     907.0 , 0.17,   63.2085 , https://doi.org/10.1038/srep23160
   S2H5 ,    1,      130,  1.2417,     950.7 , 0.17,   66.4768 , https://doi.org/10.1038/srep23160
   S2H5 ,    1,      140,  1.2597,     968.93, 0.17,   69.2659 , https://doi.org/10.1038/srep23160
   S2H5 ,    1,      150,  1.3581,     900.87, 0.17,   71.8175 , https://doi.org/10.1038/srep23160
    SH3 ,  160,      130,    2.07,     1125.1, 0.13,  155      , https://doi.org/10.1038/srep06968
    SH3 ,  160,      130,    2.07,     1125.1, 0.10,  166      , https://doi.org/10.1038/srep06968
    SH3 ,  229,      200,    2.19,     1334.6, 0.13,  191      , https://doi.org/10.1038/srep06968
    SH3 ,  229,      200,    2.19,     1334.6, 0.10,  204      , https://doi.org/10.1038/srep06968
    SH3 ,  229,      250,        ,           , 0.13,  184      , https://doi.org/10.1038/srep06968
    SH3 ,  229,      300,        ,           , 0.13,  179      , https://doi.org/10.1038/srep06968
    SH2 ,    2,      130,        ,           , 0.13,   33.0104 , https://doi.org/10.1063/1.4874158
    SH2 ,    2,      140,        ,           , 0.13,   40      , https://doi.org/10.1063/1.4874158
    SH2 ,    2,      150,        ,           , 0.13,   56.1245 , https://doi.org/10.1063/1.4874158
    SH2 ,    2,      158,        ,           , 0.13,   60.2076 , https://doi.org/10.1063/1.4874158
    SH2 ,   64,      160,        ,           , 0.13,   82.1453 , https://doi.org/10.1063/1.4874158
    SH2 ,   64,      170,        ,           , 0.13,   78.1315 , https://doi.org/10.1063/1.4874158
    SH2 ,   64,      180,        ,           , 0.13,   68.2353 , https://doi.org/10.1063/1.4874158
   S3H4 ,   62,      140,    0.42,       834 , 0.16,    0.75   , https://doi.org/10.1103/PhysRevB.93.020103
   S2H  ,   15,      200,    0.86,    657.72 , 0.16,   23.4    , https://doi.org/10.1103/PhysRevLett.114.157004
   S2H  ,   12,      250,    0.75,    624.08 , 0.16,   14.9    , https://doi.org/10.1103/PhysRevLett.114.157004
    SH  ,   12,      300,    0.78,    861.88 , 0.16,   23.4    , https://doi.org/10.1103/PhysRevLett.114.157004
   O4H2 ,   58,      100,  0.5649,     800.3 , 0.1 ,   15.1314 , By A. Nakanishi
   O4H2 ,   58,      100,  0.5649,     800.3 , 0.13,   10.2054 , By A. Nakanishi
   O4H2 ,   58,      100,  0.5649,     800.3 , 0.15,    7.4740 , By A. Nakanishi
   O4H2 ,   58,      200,  0.4816,     990.8 , 0.1 ,   10.3380 , By A. Nakanishi
   O4H2 ,   58,      200,  0.4816,     990.8 , 0.13,    5.9911 , By A. Nakanishi
   O4H2 ,   58,      200,  0.4816,     990.8 , 0.15,    3.8353 , By A. Nakanishi
   O4H2 ,   58,      250,  0.4774,    1051.7 , 0.1 ,   10.5722 , By A. Nakanishi
   O4H2 ,   58,      250,  0.4774,    1051.7 , 0.13,    6.0633 , By A. Nakanishi
   O4H2 ,   58,      250,  0.4774,    1051.7 , 0.15,    3.8448 , By A. Nakanishi
   O4H2 ,   58,      300,  0.4524,    1095.0 , 0.1 ,    8.6609 , By A. Nakanishi
   O4H2 ,   58,      300,  0.4524,    1095.0 , 0.13,    4.6323 , By A. Nakanishi
   O4H2 ,   58,      300,  0.4524,    1095.0 , 0.15,    2.7546 , By A. Nakanishi
   O4H2 ,   58,      500,  0.4696,    1277.6 , 0.1 ,   11.9637 , By A. Nakanishi
   O4H2 ,   58,      500,  0.4696,    1277.6 , 0.13,    6.7245 , By A. Nakanishi
   O4H2 ,   58,      500,  0.4696,    1277.6 , 0.15,    4.1863 , By A. Nakanishi
   SiH4 ,   64,       70,        ,           , 0.10,   74.38   , https://doi.org/10.1103/PhysRevLett.101.077002
   SiH4 ,   64,      150,        ,           , 0.10,   20.55   , https://doi.org/10.1103/PhysRevLett.101.077002
   SiH4 ,   64,      200,        ,           , 0.10,   27.26   , https://doi.org/10.1103/PhysRevLett.101.077002
   SiH4 ,   64,      250,        ,           , 0.10,   50.41   , https://doi.org/10.1103/PhysRevLett.101.077002
   SiH4 ,   15,      300,  0.6821,    1181.2 , 0.13,   29.3617 , https://doi.org/10.1038/srep08845
   SiH4 ,   15,      340,  0.5776,    1363.4 , 0.13,   18.2979 , https://doi.org/10.1038/srep08845
   SiH4 ,   15,      380,  0.5254,    1444.1 , 0.13,   13.4043 , https://doi.org/10.1038/srep08845
   SiH4 ,   14,      400,  0.6612,    1434.7 , 0.13,   31.0638 , https://doi.org/10.1038/srep08845
   SiH4 ,   14,      500,  0.5821,    1581.2 , 0.13,   21.9149 , https://doi.org/10.1038/srep08845
   SiH4 ,   14,      600,  0.5224,    1444.1 , 0.13,   21.2766 , https://doi.org/10.1038/srep08845
   SiH4 ,   12,      610,  1.1791,    1370.9 , 0.13,  107.2340 , https://doi.org/10.1038/srep08845
   SiH4 ,   12,      700,  0.9701,    1979.3 , 0.13,   97.6596 , https://doi.org/10.1038/srep08845
   SiH4 ,   12,      800,  0.8552,    1919.2 , 0.13,   84.2553 , https://doi.org/10.1038/srep08845
    YH3 ,  225,     17.6,  1.4192,     352.9 , 0.10,   37.9856 , https://doi.org/10.1103/PhysRevLett.103.077002 
    YH3 ,  225,     23.0,  1.1274,     441.2 , 0.10,   36.3669 , https://doi.org/10.1103/PhysRevLett.103.077002
    YH3 ,  225,     28.9,  0.5562,     500   , 0.10,    8.8849 , https://doi.org/10.1103/PhysRevLett.103.077002
    YH3 ,  225,     51.9,  0.4630,     780   , 0.10,    6.7626 , https://doi.org/10.1103/PhysRevLett.103.077002
    YH3 ,  225,     62.1,  0.4466,     825.3 , 0.10,    6.1151 , https://doi.org/10.1103/PhysRevLett.103.077002
    YH3 ,  225,     67.5,  0.4260,     850.6 , 0.10,    4.8561 , https://doi.org/10.1103/PhysRevLett.103.077002
    YH3 ,  225,     73.1,  0.4041,     871.2 , 0.10,    3.7410 , https://doi.org/10.1103/PhysRevLett.103.077002
    YH3 ,  225,     17.6,  1.4192,     352.9 , 0.13,   34.4604 , https://doi.org/10.1103/PhysRevLett.103.077002
    YH3 ,  225,     23.0,  1.1274,     441.2 , 0.13,   31.8705 , https://doi.org/10.1103/PhysRevLett.103.077002
    YH3 ,  225,     28.9,  0.5562,     500   , 0.13,    5.8633 , https://doi.org/10.1103/PhysRevLett.103.077002
    YH3 ,  225,     51.9,  0.4630,     780   , 0.13,    3.6691 , https://doi.org/10.1103/PhysRevLett.103.077002
    YH3 ,  225,     62.1,  0.4466,     825.3 , 0.13,    3.2374 , https://doi.org/10.1103/PhysRevLett.103.077002
    YH3 ,  225,     67.5,  0.4260,     850.6 , 0.13,    2.3381 , https://doi.org/10.1103/PhysRevLett.103.077002
    YH3 ,  225,     73.1,  0.4041,     871.2 , 0.13,    1.6187 , https://doi.org/10.1103/PhysRevLett.103.077002
   PtH  ,  194,      100,    0.82,     293.6 , 0.10,   14.5    , https://doi.org/10.1103/PhysRevB.89.064302
   PtH  ,  194,      100,    0.82,     293.6 , 0.13,   11.8    , https://doi.org/10.1103/PhysRevB.89.064302
   PtH  ,  225,       77,        ,           , 0.10,   24      , https://doi.org/10.1103/PhysRevLett.107.117002
   PtH  ,  225,       85,    0.85,           , 0.06,   23      , https://doi.org/10.1088/0953-8984/24/3/035701
   PtH  ,  225,       85,    0.85,           , 0.10,   19      , https://doi.org/10.1088/0953-8984/24/3/035701
   PtH  ,  194,      105,        ,           , 0.06,   16      , https://doi.org/10.1088/0953-8984/24/3/035701
   PtH  ,  194,      105,        ,           , 0.10,   12      , https://doi.org/10.1088/0953-8984/24/3/035701
   RhH  ,  225,      4.8,        ,           , 0.10,    2.1    , https://doi.org/10.1103/PhysRevLett.107.117002
   PdH  ,  225,      6.6,        ,           , 0.10,   20      , https://doi.org/10.1103/PhysRevLett.107.117002
   IrH  ,  225,       80,        ,           , 0.10,    7      , https://doi.org/10.1103/PhysRevLett.107.117002
   AuH  ,  225,      220,        ,           , 0.10,   21      , https://doi.org/10.1103/PhysRevLett.107.117002
   LiH6 ,  166,      150, 0.6387 ,   1911.9  , 0.13,   38.34   , https://doi.org/10.1107/S2053229613028337
   LiH6 ,  166,      200, 0.6488 ,   1952.2  , 0.13,   41.17   , https://doi.org/10.1107/S2053229613028337
   LiH6 ,  166,      250, 0.7171 ,   1915.8  , 0.13,   54.87   , https://doi.org/10.1107/S2053229613028337
   LiH6 ,  166,      300, 0.8592 ,   1837.2  , 0.13,   81.80   , https://doi.org/10.1107/S2053229613028337
   LiH8 ,   97,      100, 0.6353 ,   1576.8  , 0.13,   31.04   , https://doi.org/10.1107/S2053229613028337
   LiH8 ,   97,      150, 0.6397 ,   1709.4  , 0.13,   34.57   , https://doi.org/10.1107/S2053229613028337
   LiH8 ,   97,      200, 0.6458 ,   1756.2  , 0.13,   36.52   , https://doi.org/10.1107/S2053229613028337
   ArH4 ,  139,     1500, 0.9131 ,   1434.92 , 0.13,   72.4089 , By T. Ishikawa
   ArH4 ,  139,     1600, 0.9068 ,   1425.69 , 0.13,   70.9599 , By T. Ishikawa
   ArH4 ,  139,     1700, 0.8127 ,   1402.75 , 0.13,   55.1061 , By T. Ishikawa
   ArH4 ,  139,     1800, 0.7947 ,   1400.56 , 0.13,   52.1820 , By T. Ishikawa
   ArH4 ,  139,     1900, 0.7929 ,   1403.13 , 0.13,   52.0050 , By T. Ishikawa
   ArH4 ,  139,     2000, 0.7959 ,   1395.04 , 0.13,   52.1661 , By T. Ishikawa
   ArH2 ,   12,     1500, 0.8817 ,   1421.73 , 0.13,   66.8281 , By T. Ishikawa
   ArH2 ,   12,     1600, 0.8926 ,   1320.38 , 0.13,   63.6579 , By T. Ishikawa
   ArH2 ,   12,     1700, 0.8824 ,   1257.99 , 0.13,   59.2291 , By T. Ishikawa
   ArH2 ,   12,     1800, 0.8556 ,   1372.59 , 0.13,   60.5324 , By T. Ishikawa
   ArH2 ,   12,     1900, 0.8367 ,   1267.83 , 0.13,   53.2339 , By T. Ishikawa
   ArH2 ,   12,     2000, 0.8041 ,   1328.32 , 0.13,   50.9011 , By T. Ishikawa
   ArH2 ,   62,     1400, 0.3192 ,   1253.14 , 0.13,    0.2369 , By T. Ishikawa
   ArH  ,    2,     1000, 0.2917 ,    380.35 , 0.13,    0.0190 , By T. Ishikawa
   ArH  ,    2,     1200, 0.4357 ,    530.91 , 0.13,    1.7753 , By T. Ishikawa
   ArH  ,    2,     1400, 0.5288 ,    618.92 , 0.13,    5.9378 , By T. Ishikawa
   HfH2 ,  139,   0.0001, 0.327  ,    183.82 , 0.10,    0.192  , https://doi.org/10.1038/srep11381
   HfH2 ,  139,   0.0001, 0.327  ,    183.82 , 0.13,    0.047  , https://doi.org/10.1038/srep11381
   HfH2 ,  139,       10, 0.294  ,    201.20 , 0.10,    0.081  , https://doi.org/10.1038/srep11381
   HfH2 ,  139,       10, 0.294  ,    201.20 , 0.13,    0.012  , https://doi.org/10.1038/srep11381
   HfH2 ,  139,       30, 0.26   ,    229.21 , 0.10,    0.021  , https://doi.org/10.1038/srep11381
   HfH2 ,  139,       30, 0.26   ,    229.21 , 0.13,    0.001  , https://doi.org/10.1038/srep11381
   HfH2 ,  139,       50, 0.242  ,    253.17 , 0.10,    0.008  , https://doi.org/10.1038/srep11381
   HfH2 ,   67,      180, 0.643  ,    292.71 , 0.10,    8.159  , https://doi.org/10.1038/srep11381
   HfH2 ,   67,      180, 0.643  ,    292.71 , 0.13,    5.988  , https://doi.org/10.1038/srep11381
   HfH2 ,   67,      240, 0.59   ,    285.24 , 0.10,    6.207  , https://doi.org/10.1038/srep11381
   HfH2 ,   67,      240, 0.59   ,    285.24 , 0.13,    4.322  , https://doi.org/10.1038/srep11381
   HfH2 ,   11,      260, 0.871  ,    232.06 , 0.10,   12.804  , https://doi.org/10.1038/srep11381
   HfH2 ,   11,      260, 0.871  ,    232.06 , 0.13,   10.62   , https://doi.org/10.1038/srep11381
   HfH2 ,   11,      280, 0.787  ,    218.68 , 0.10,    7.962  , https://doi.org/10.1038/srep11381
   HfH2 ,   11,      280, 0.787  ,    218.68 , 0.13,    9.911  , https://doi.org/10.1038/srep11381
    PH3 ,   19,      100, 0.53   ,    990    , 0.13,    9.0    , https://doi.org/10.1021/acs.jpcc.5b12009
    PH3 ,   12,      200, 1.45   ,    826    , 0.13,   83      , https://doi.org/10.1021/acs.jpcc.5b12009
    PH2 ,   12,      100, 1.05   ,    655.1  , 0.10,   49.0    , https://doi.org/10.1021/jacs.5b10180
    PH2 ,   12,      100, 1.05   ,    655.1  , 0.18,   32.1    , https://doi.org/10.1021/jacs.5b10180
    PH2 ,   12,      150, 1.0    ,    798.1  , 0.10,   55.5    , https://doi.org/10.1021/jacs.5b10180
    PH2 ,   12,      150, 1.0    ,    798.1  , 0.18,   35.2    , https://doi.org/10.1021/jacs.5b10180
    PH2 ,   12,      200, 1.04   ,   1026.5  , 0.10,   75.6    , https://doi.org/10.1021/jacs.5b10180
    PH2 ,   12,      200, 1.04   ,   1026.5  , 0.18,   49.2    , https://doi.org/10.1021/jacs.5b10180
    PH2 ,  139,      150, 0.86   ,    946.2  , 0.10,   50.6    , https://doi.org/10.1021/jacs.5b10180
    PH2 ,  139,      150, 0.86   ,    946.2  , 0.18,   28.3    , https://doi.org/10.1021/jacs.5b10180
    PH2 ,  139,      200, 1.13   ,    851.6  , 0.10,   70.4    , https://doi.org/10.1021/jacs.5b10180
    PH2 ,  139,      200, 1.13   ,    851.6  , 0.18,   48.0    , https://doi.org/10.1021/jacs.5b10180
  Se2H  ,   12,      300, 0.45   ,    647    , 0.1 ,    5      , https://doi.org/10.1038/srep15433
   SeH  ,   14,      300, 0.65   ,    832    , 0.1 ,   23      , https://doi.org/10.1038/srep15433
   SeH  ,  129,      250, 0.81   ,    813    , 0.1 ,   39      , https://doi.org/10.1038/srep15433
   SeH  ,  129,      300, 0.80   ,    885    , 0.1 ,   42      , https://doi.org/10.1038/srep15433
   SeH3 ,  229,      200, 1.09   ,   1477    , 0.1 ,  116      , https://doi.org/10.1038/srep15433
   SeH3 ,  229,      250, 1.04   ,   1498    , 0.1 ,  111      , https://doi.org/10.1038/srep15433
   SeH3 ,  229,      300, 1.04   ,   1492    , 0.1 ,  110      , https://doi.org/10.1038/srep15433
   ClH  ,   12,      250, 0.56   ,   1094    , 0.1 ,   20      , https://doi.org/10.1021/acs.jpcc.5b01653
   ClH  ,   12,      250, 0.56   ,   1094    , 0.13,   13      , https://doi.org/10.1021/acs.jpcc.5b01653
   BrH  ,   12,      120, 0.27   ,    834    , 0.1 ,    0.12   , https://doi.org/10.1021/acs.jpcc.5b01653
   BrH  ,   12,      120, 0.27   ,    834    , 0.13,    0.0097 , https://doi.org/10.1021/acs.jpcc.5b01653
   AlH5 ,   11,      250, 1.625  ,    949    , 0.1 ,  146      , https://doi.org/10.1039/C4RA14990D
   AlH5 ,   11,      250, 1.625  ,    949    , 0.13,  132      , https://doi.org/10.1039/C4RA14990D
    BH  ,  191,      100, 0.74   ,    985.0  , 0.13,   30.8    , https://doi.org/10.1103/PhysRevLett.110.165504
    BH  ,  191,      100, 0.74   ,    985.0  , 0.10,   39.2    , https://doi.org/10.1103/PhysRevLett.110.165504
    BH  ,  191,      125, 0.65   ,   1100.5  , 0.13,   23.7    , https://doi.org/10.1103/PhysRevLett.110.165504
    BH  ,  191,      125, 0.65   ,   1100.5  , 0.10,   32.0    , https://doi.org/10.1103/PhysRevLett.110.165504
    BH  ,  191,      150, 0.59   ,   1233.6  , 0.13,   18.7    , https://doi.org/10.1103/PhysRevLett.110.165504
    BH  ,  191,      150, 0.59   ,   1233.6  , 0.10,   26.9    , https://doi.org/10.1103/PhysRevLett.110.165504
    BH  ,  191,      175, 0.55   ,   1261.8  , 0.13,   14.1    , https://doi.org/10.1103/PhysRevLett.110.165504
    BH  ,  191,      175, 0.55   ,   1261.8  , 0.10,   21.4    , https://doi.org/10.1103/PhysRevLett.110.165504
    BH  ,  191,      200, 0.51   ,   1394.4  , 0.13,   11.7    , https://doi.org/10.1103/PhysRevLett.110.165504
    BH  ,  191,      200, 0.51   ,   1394.4  , 0.10,   18.8    , https://doi.org/10.1103/PhysRevLett.110.165504
   PoH  ,  194,      300, 0.33   ,    806.1  , 0.13,    0.14   , https://arxiv.org/abs/1503.08587    
   PoH  ,  194,      300, 0.33   ,    806.1  , 0.10,    0.65   , https://arxiv.org/abs/1503.08587
   PoH2 ,   62,      200, 0.19   ,    712.9  , 0.13,    0.0001 , https://arxiv.org/abs/1503.08587
   PoH2 ,   62,      200, 0.19   ,    712.9  , 0.10,    0.0001 , https://arxiv.org/abs/1503.08587
   PoH4 ,   15,      200, 1.09   ,    602.6  , 0.13,   41.1    , https://arxiv.org/abs/1503.08587
   PoH4 ,   15,      200, 1.09   ,    602.6  , 0.10,   47.2    , https://arxiv.org/abs/1503.08587
   PoH6 ,   12,      200, 0.43   ,    836.1  , 0.13,    2.25   , https://arxiv.org/abs/1503.08587
   PoH6 ,   12,      200, 0.43   ,    836.1  , 0.10,    4.68   , https://arxiv.org/abs/1503.08587
   SnH4 ,   40,      120, 0.61   ,    905    , 0.13,   15      , https://doi.org/10.1073/pnas.0908342107
   SnH4 ,   40,      120, 0.61   ,    905    , 0.10,   22      , https://doi.org/10.1073/pnas.0908342107
   SnH4 ,  194,      200, 0.87   ,   1135    , 0.13,   52      , https://doi.org/10.1073/pnas.0908342107
   SnH4 ,  194,      200, 0.87   ,   1135    , 0.10,   62      , https://doi.org/10.1073/pnas.0908342107
   SnH4 ,  139,      220, 1.180  ,   1025    , 0.10,   91      , https://doi.org/10.1038/srep22873
   SnH4 ,  139,      220, 1.180  ,   1025    , 0.13,   80      , https://doi.org/10.1038/srep22873
   SnH8 ,  119,      220, 1.188  ,    919    , 0.10,   81      , https://doi.org/10.1038/srep22873
   SnH8 ,  119,      220, 1.188  ,    919    , 0.13,   72      , https://doi.org/10.1038/srep22873
   SnH12,   12,      250, 1.250  ,    991    , 0.10,   93      , https://doi.org/10.1038/srep22873
   SnH12,   12,      250, 1.250  ,    991    , 0.13,   83      , https://doi.org/10.1038/srep22873
   SnH14,   12,      300, 1.187  ,   1099    , 0.10,   97      , https://doi.org/10.1038/srep22873
   SnH14,   12,      300, 1.187  ,   1099    , 0.13,   86      , https://doi.org/10.1038/srep22873
   TeH4 ,  191,      170, 1.461  ,    940.259, 0.10,  104.47   , https://doi.org/10.1103/PhysRevLett.116.057002
   TeH4 ,  191,      170, 1.461  ,    940.259, 0.13,   95.00   , https://doi.org/10.1103/PhysRevLett.116.057002
   TeH4 ,  191,      170, 1.461  ,    940.259, 0.16,   85.60   , https://doi.org/10.1103/PhysRevLett.116.057002
   TeH4 ,  191,      170, 1.461  ,    940.259, 0.20,   73.21   , https://doi.org/10.1103/PhysRevLett.116.057002
   TeH4 ,  191,      200, 1.403  ,    929.110, 0.10,   99.18   , https://doi.org/10.1103/PhysRevLett.116.057002
   TeH4 ,  191,      200, 1.403  ,    929.110, 0.13,   89.80   , https://doi.org/10.1103/PhysRevLett.116.057002
   TeH4 ,  191,      200, 1.403  ,    929.110, 0.16,   80.49   , https://doi.org/10.1103/PhysRevLett.116.057002
   TeH4 ,  191,      200, 1.403  ,    929.110, 0.20,   68.28   , https://doi.org/10.1103/PhysRevLett.116.057002
   TeH4 ,  191,      230, 1.422  ,    844.188, 0.10,   91.33   , https://doi.org/10.1103/PhysRevLett.116.057002
   TeH4 ,  191,      230, 1.422  ,    844.188, 0.13,   82.81   , https://doi.org/10.1103/PhysRevLett.116.057002
   TeH4 ,  191,      230, 1.422  ,    844.188, 0.16,   74.35   , https://doi.org/10.1103/PhysRevLett.116.057002
   TeH4 ,  191,      230, 1.422  ,    844.188, 0.20,   63.25   , https://doi.org/10.1103/PhysRevLett.116.057002
   TeH4 ,  166,      270, 0.923  ,   1237.535, 0.10,   75.66   , https://doi.org/10.1103/PhysRevLett.116.057002
   TeH4 ,  166,      270, 0.923  ,   1237.535, 0.13,   63.74   , https://doi.org/10.1103/PhysRevLett.116.057002
   TeH4 ,  166,      270, 0.923  ,   1237.535, 0.16,   52.41   , https://doi.org/10.1103/PhysRevLett.116.057002
   TeH4 ,  166,      270, 0.923  ,   1237.535, 0.20,   38.52   , https://doi.org/10.1103/PhysRevLett.116.057002
   TeH4 ,  166,      300, 0.842  ,   1307.098, 0.10,   67.70   , https://doi.org/10.1103/PhysRevLett.116.057002
   TeH4 ,  166,      300, 0.842  ,   1307.098, 0.13,   55.60   , https://doi.org/10.1103/PhysRevLett.116.057002
   TeH4 ,  166,      300, 0.842  ,   1307.098, 0.16,   44.30   , https://doi.org/10.1103/PhysRevLett.116.057002
   TeH4 ,  166,      300, 0.842  ,   1307.098, 0.20,   30.82   , https://doi.org/10.1103/PhysRevLett.116.057002
  Te2H5 ,   12,      200, 1.135  ,    790.315, 0.10,   57.98   , https://doi.org/10.1103/PhysRevLett.116.057002
  Te2H5 ,   12,      200, 1.135  ,    790.315, 0.13,   47.10   , https://doi.org/10.1103/PhysRevLett.116.057002
  Te2H5 ,   12,      200, 1.135  ,    790.315, 0.16,   38.65   , https://doi.org/10.1103/PhysRevLett.116.057002
  Te2H5 ,   12,      200, 1.135  ,    790.315, 0.20,   26.12   , https://doi.org/10.1103/PhysRevLett.116.057002
  Te2H5 ,   12,      300, 0.772  ,   1058.281, 0.10,   46.00   , https://doi.org/10.1103/PhysRevLett.116.057002
  Te2H5 ,   12,      300, 0.772  ,   1058.281, 0.13,   36.70   , https://doi.org/10.1103/PhysRevLett.116.057002
  Te2H5 ,   12,      300, 0.772  ,   1058.281, 0.16,   28.20   , https://doi.org/10.1103/PhysRevLett.116.057002
  Te2H5 ,   12,      300, 0.772  ,   1058.281, 0.20,   18.39   , https://doi.org/10.1103/PhysRevLett.116.057002
   TeH  ,  129,      150, 0.712  ,    781.559, 0.10,   28.28   , https://doi.org/10.1103/PhysRevLett.116.057002
   TeH  ,  129,      150, 0.712  ,    781.559, 0.13,   21.83   , https://doi.org/10.1103/PhysRevLett.116.057002
   TeH  ,  129,      150, 0.712  ,    781.559, 0.16,   16.10   , https://doi.org/10.1103/PhysRevLett.116.057002
   TeH  ,  129,      150, 0.712  ,    781.559, 0.20,    9.72   , https://doi.org/10.1103/PhysRevLett.116.057002
   TeH  ,  129,      200, 0.579  ,    914.586, 0.10,   18.71   , https://doi.org/10.1103/PhysRevLett.116.057002
   TeH  ,  129,      200, 0.579  ,    914.586, 0.13,   12.85   , https://doi.org/10.1103/PhysRevLett.116.057002
   TeH  ,  129,      200, 0.579  ,    914.586, 0.16,    8.10   , https://doi.org/10.1103/PhysRevLett.116.057002
   TeH  ,  129,      200, 0.579  ,    914.586, 0.20,    3.63   , https://doi.org/10.1103/PhysRevLett.116.057002
   TeH  ,  194,      300, 1.0723 ,    573.634, 0.10,   44.26   , https://doi.org/10.1103/PhysRevLett.116.057002
   TeH  ,  194,      300, 1.0723 ,    573.634, 0.13,   38.52   , https://doi.org/10.1103/PhysRevLett.116.057002
   TeH  ,  194,      300, 1.0723 ,    573.634, 0.16,   33.64   , https://doi.org/10.1103/PhysRevLett.116.057002
   TeH  ,  194,      300, 1.0723 ,    573.634, 0.20,   25.90   , https://doi.org/10.1103/PhysRevLett.116.057002
   TcH2 ,  139,      100, 0.467  ,    592    , 0.10,    5.42   , https://doi.org/10.1039/C6CP05702K
   TcH2 ,  139,      100, 0.467  ,    592    , 0.13,    3.03   , https://doi.org/10.1039/C6CP05702K
   TcH2 ,  139,      150, 0.473  ,    651    , 0.10,    6.31   , https://doi.org/10.1039/C6CP05702K
   TcH2 ,  139,      150, 0.473  ,    651    , 0.13,    3.58   , https://doi.org/10.1039/C6CP05702K
   TcH2 ,  139,      200, 0.523  ,    736    , 0.10,   10.65   , https://doi.org/10.1039/C6CP05702K
   TcH2 ,  139,      200, 0.523  ,    736    , 0.13,    6.73   , https://doi.org/10.1039/C6CP05702K
   TcH2 ,   63,      300, 0.486  ,    793    , 0.10,    8.61   , https://doi.org/10.1039/C6CP05702K
   TcH2 ,   63,      300, 0.486  ,    793    , 0.13,    5.05   , https://doi.org/10.1039/C6CP05702K
   TcH3 ,  131,      300, 0.531  ,    620    , 0.10,    9.94   , https://doi.org/10.1039/C6CP05702K
   TcH3 ,  131,      300, 0.531  ,    620    , 0.13,    6.74   , https://doi.org/10.1039/C6CP05702K
   OsH  ,  225,      100, 0.42   ,    347.84 , 0.10,    2.1    , https://doi.org/10.1103/10.1021/acs.jpcc.5b03791
   NbH  ,   66,   0.0001, 0.51   ,    188    , 0.10,    2.4    , https://doi.org/10.1103/PhysRevB.88.184104
   NbH  ,   66,   0.0001, 0.51   ,    188    , 0.13,    1.5    , https://doi.org/10.1103/PhysRevB.88.184104
   NbH2 ,  225,   0.0001, 0.48   ,    251    , 0.10,    2.6    , https://doi.org/10.1103/PhysRevB.88.184104
   NbH2 ,  225,   0.0001, 0.48   ,    251    , 0.13,    1.5    , https://doi.org/10.1103/PhysRevB.88.184104
   NbH2 ,  225,       50, 0.41   ,    303    , 0.10,    1.5    , https://doi.org/10.1103/PhysRevB.88.184104
   NbH2 ,  225,       50, 0.41   ,    303    , 0.13,    0.7    , https://doi.org/10.1103/PhysRevB.88.184104
   NbH4 ,  139,      300, 0.82   ,    938    , 0.10,   47      , https://doi.org/10.1103/PhysRevB.88.184104   
   NbH4 ,  139,      300, 0.82   ,    938    , 0.13,   38      , https://doi.org/10.1103/PhysRevB.88.184104
    KH6 ,   15,      166, 0.91   ,   1164.72 , 0.13,   58.66   , https://doi.org/10.1103/PhysRevB.86.014118  
    KH6 ,   15,      166, 0.91   ,   1164.72 , 0.10,   69.84   , https://doi.org/10.1103/PhysRevB.86.014118
    KH6 ,   15,      230,        ,           , 0.13,   57.95   , https://doi.org/10.1103/PhysRevB.86.014118
    KH6 ,   15,      230,        ,           , 0.10,   69.60   , https://doi.org/10.1103/PhysRevB.86.014118
    KH6 ,   15,      300,        ,           , 0.13,   46.05   , https://doi.org/10.1103/PhysRevB.86.014118
    KH6 ,   15,      300,        ,           , 0.10,   57.42   , https://doi.org/10.1103/PhysRevB.86.014118
   BiH  ,  194,      250, 0.76   ,    699.17 , 0.10,   29.40   , https://arxiv.org/abs/1511.05291
   BiH  ,  194,      250, 0.76   ,    699.17 , 0.13,   23.32   , https://arxiv.org/abs/1511.05291
   BiH  ,  194,      300, 0.61   ,    792.43 , 0.10,   19.04   , https://arxiv.org/abs/1511.05291
   BiH  ,  194,      300, 0.61   ,    792.43 , 0.13,   13.55   , https://arxiv.org/abs/1511.05291
   BiH2 ,   11,      150, 1.34   ,    506.80 , 0.10,   51.54   , https://arxiv.org/abs/1511.05291
   BiH2 ,   11,      150, 1.34   ,    506.80 , 0.13,   46.41   , https://arxiv.org/abs/1511.05291
   BiH2 ,   11,      200, 1.07   ,    706.70 , 0.10,   54.38   , https://arxiv.org/abs/1511.05291
   BiH2 ,   11,      200, 1.07   ,    706.70 , 0.13,   47.31   , https://arxiv.org/abs/1511.05291
   BiH2 ,   11,      250, 0.99   ,    841.53 , 0.10,   57.70   , https://arxiv.org/abs/1511.05291
   BiH2 ,   11,      250, 0.99   ,    841.53 , 0.13,   49.42   , https://arxiv.org/abs/1511.05291
   BiH2 ,   11,      300, 0.96   ,    917.48 , 0.10,   59.91   , https://arxiv.org/abs/1511.05291
   BiH2 ,   11,      300, 0.96   ,    917.48 , 0.13,   50.95   , https://arxiv.org/abs/1511.05291
   BiH4 ,   58,      150, 1.27   ,    864.72 , 0.10,   82.82   , https://arxiv.org/abs/1511.05291
   BiH4 ,   58,      150, 1.27   ,    864.72 , 0.13,   74.06   , https://arxiv.org/abs/1511.05291
   BiH4 ,   58,      200, 1.10   ,   1008.85 , 0.10,   80.67   , https://arxiv.org/abs/1511.05291
   BiH4 ,   58,      200, 1.10   ,   1008.85 , 0.13,   70.54   , https://arxiv.org/abs/1511.05291
   BiH4 ,   58,      250, 0.97   ,   1101.09 , 0.10,   73.11   , https://arxiv.org/abs/1511.05291
   BiH4 ,   58,      250, 0.97   ,   1101.09 , 0.13,   62.33   , https://arxiv.org/abs/1511.05291
   BiH4 ,   58,      300, 0.92   ,   1150.38 , 0.10,   69.99   , https://arxiv.org/abs/1511.05291
   BiH4 ,   58,      300, 0.92   ,   1150.38 , 0.13,   58.92   , https://arxiv.org/abs/1511.05291
   BiH5 ,   12,      200, 1.23   ,   1021.90 , 0.10,   94.27   , https://arxiv.org/abs/1511.05291
   BiH5 ,   12,      200, 1.23   ,   1021.90 , 0.13,   83.92   , https://arxiv.org/abs/1511.05291
   BiH5 ,   12,      250, 1.45   ,    801.68 , 0.10,   88.44   , https://arxiv.org/abs/1511.05291
   BiH5 ,   12,      250, 1.45   ,    801.68 , 0.13,   80.36   , https://arxiv.org/abs/1511.05291
   BiH5 ,   12,      300, 1.20   ,   1220.96 , 0.10,  109.31   , https://arxiv.org/abs/1511.05291
   BiH5 ,   12,      300, 1.20   ,   1220.96 , 0.13,   96.96   , https://arxiv.org/abs/1511.05291
   BiH6 ,    2,      200, 1.26   ,    934.62 , 0.10,   88.73   , https://arxiv.org/abs/1511.05291
   BiH6 ,    2,      200, 1.26   ,    934.62 , 0.13,   79.24   , https://arxiv.org/abs/1511.05291
   BiH6 ,    2,      250, 1.24   ,   1035.33 , 0.10,   96.43   , https://arxiv.org/abs/1511.05291
   BiH6 ,    2,      250, 1.24   ,   1035.33 , 0.13,   85.95   , https://arxiv.org/abs/1511.05291
   BiH6 ,    2,      300, 1.23   ,   1102.82 , 0.10,  101.74   , https://arxiv.org/abs/1511.05291
   BiH6 ,    2,      300, 1.23   ,   1102.82 , 0.13,   90.57   , https://arxiv.org/abs/1511.05291
   BeH2 ,   63,      250, 0.63   ,   1729    , 0.12,   38      , https://doi.org/10.1063/1.4869145
   BeH2 ,   63,      300,        ,           , 0.12,   41      , https://doi.org/10.1063/1.4869145
   MgH2 ,  194,      180, 0.58   ,   1111    , 0.13,   16      , https://doi.org/10.1103/PhysRevB.87.054107
   MgH2 ,  194,      180, 0.58   ,   1111    , 0.10,   23      , https://doi.org/10.1103/PhysRevB.87.054107
   MgH4 ,   63,      100, 0.74   ,    941    , 0.13,   29      , https://doi.org/10.1103/PhysRevB.87.054107
   MgH4 ,   63,      100, 0.74   ,    941    , 0.10,   37      , https://doi.org/10.1103/PhysRevB.87.054107
   MgH12,  146,      140, 0.73   ,   1554    , 0.13,   47      , https://doi.org/10.1103/PhysRevB.87.054107
   MgH12,  146,      140, 0.73   ,   1554    , 0.10,   60      , https://doi.org/10.1103/PhysRevB.87.054107
   BaH6 ,  123,      100, 0.77   ,    878    , 0.13,   30      , https://doi.org/10.1021/jp311571n
   BaH6 ,  123,      100, 0.77   ,    878    , 0.10,   38      , https://doi.org/10.1021/jp311571n
   BaH2 ,  164,       60, 0.22   ,    780    , 0.10,    0.004  , https://doi.org/10.1016/j.ssc.2009.07.044
   BaH2 ,  164,       60, 0.22   ,    780    , 0.12,    0.0002 , https://doi.org/10.1016/j.ssc.2009.07.044
   AsH  ,   63,      300, 0.59   ,    995    , 0.10,   21.2    , https://doi.org/10.1021/acs.chemmater.5b04638     
   AsH  ,   63,      400, 0.55   ,   1166    , 0.10,   20.2    , https://doi.org/10.1021/acs.chemmater.5b04638
   AsH8 ,   15,      350, 1.50   ,   1240    , 0.10,  141.0    , https://doi.org/10.1021/acs.chemmater.5b04638
   AsH8 ,   15,      400, 1.63   ,   1169    , 0.10,  143.9    , https://doi.org/10.1021/acs.chemmater.5b04638
   AsH8 ,   15,      450, 1.77   ,   1153    , 0.10,  151.4    , https://doi.org/10.1021/acs.chemmater.5b04638
   SbH  ,   62,      175, 0.57   ,    736    , 0.10,   14.6    , https://doi.org/10.1021/acs.chemmater.5b04638
   SbH  ,   62,      215, 0.51   ,    820    , 0.10,   10.5    , https://doi.org/10.1021/acs.chemmater.5b04638
   SbH  ,   62,      255, 0.47   ,    877    , 0.10,    8.5    , https://doi.org/10.1021/acs.chemmater.5b04638
   SbH  ,   62,      295, 0.45   ,    890    , 0.10,    6.8    , https://doi.org/10.1021/acs.chemmater.5b04638
   SbH3 ,   59,      300, 0.61   ,   1100    , 0.10,   25.9    , https://doi.org/10.1021/acs.chemmater.5b04638
   SbH3 ,   59,      400, 0.56   ,   1112    , 0.10,   19.8    , https://doi.org/10.1021/acs.chemmater.5b04638
   SbH4 ,  194,      150, 1.28   ,   1054    , 0.10,  102.2    , https://doi.org/10.1021/acs.chemmater.5b04638
   SbH4 ,  194,      200, 1.21   ,   1133    , 0.10,  102.3    , https://doi.org/10.1021/acs.chemmater.5b04638
   SbH4 ,  194,      250, 1.18   ,   1145    , 0.10,   99.9    , https://doi.org/10.1021/acs.chemmater.5b04638
   SbH4 ,  194,      300, 1.16   ,   1090    , 0.10,   93.9    , https://doi.org/10.1021/acs.chemmater.5b04638
    IH2 ,   63,      100, 0.51   ,    608.7  , 0.10,    7.8    , https://doi.org/10.1021/acs.jpclett.5b01839
    IH2 ,   63,      100, 0.51   ,    608.7  , 0.13,    4.8    , https://doi.org/10.1021/acs.jpclett.5b01839
    IH4 ,  191,      100, 0.58   ,    854.3  , 0.10,   17.5    , https://doi.org/10.1021/acs.jpclett.5b01839
    IH4 ,  191,      100, 0.58   ,    854.3  , 0.13,   12.0    , https://doi.org/10.1021/acs.jpclett.5b01839
    IH4 ,  191,      150, 0.56   ,   1097.4  , 0.10,   20.4    , https://doi.org/10.1021/acs.jpclett.5b01839
    IH4 ,  191,      150, 0.56   ,   1097.4  , 0.13,   13.7    , https://doi.org/10.1021/acs.jpclett.5b01839
   GeH4 ,   12,      280, 0.895  ,   1162    , 0.10,   67      , https://doi.org/10.1103/PhysRevB.95.134506
   GeH4 ,   12,      280, 0.895  ,   1162    , 0.13,   56      , https://doi.org/10.1103/PhysRevB.95.134506
   GeH4 ,   12,      300, 0.867  ,   1154    , 0.10,   63      , https://doi.org/10.1103/PhysRevB.95.134506
   GeH4 ,   12,      300, 0.867  ,   1154    , 0.13,   52      , https://doi.org/10.1103/PhysRevB.95.134506
  Ge3H11,  119,      285, 0.721  ,   1155    , 0.10,   43      , https://doi.org/10.1103/PhysRevB.95.134506
  Ge3H11,  119,      285, 0.721  ,   1155    , 0.13,   34      , https://doi.org/10.1103/PhysRevB.95.134506
  Ge3H11,  119,      300, 0.690  ,   1140    , 0.10,   38      , https://doi.org/10.1103/PhysRevB.95.134506
  Ge3H11,  119,      300, 0.690  ,   1140    , 0.13,   29      , https://doi.org/10.1103/PhysRevB.95.134506
  Ge3H11,  119,      320, 0.668  ,   1127    , 0.10,   35      , https://doi.org/10.1103/PhysRevB.95.134506
  Ge3H11,  119,      320, 0.668  ,   1127    , 0.13,   26      , https://doi.org/10.1103/PhysRevB.95.134506
   GeH4 ,   40,      250, 0.88   ,   1011    , 0.13,   47      , https://doi.org/10.1039/C5CP03807C
   GeH4 ,   40,      250, 0.88   ,   1011    , 0.10,   57      , https://doi.org/10.1039/C5CP03807C
   GeH4 ,   15,      500, 0.92   ,   1374    , 0.13,   70      , https://doi.org/10.1039/C5CP03807C
   GeH4 ,   15,      500, 0.92   ,   1374    , 0.10,   84      , https://doi.org/10.1039/C5CP03807C 
   N4H  ,   36,       55,        ,           , 0.13,    2.6    , https://doi.org/10.3847/1538-4357/834/1/29
   N2H  ,   14,       60,        ,           , 0.13,    7.8    , https://doi.org/10.3847/1538-4357/834/1/29
   FeH5 ,  139,      130, 1.40   ,    614    , 0.10,   51      , https://doi.org/10.1103/PhysRevB.96.201107
   FeH5 ,  139,      200, 1.10   ,    600    , 0.10,   48      , https://doi.org/10.1103/PhysRevB.96.201107
   CoH  ,  225,        5, 0.28   ,    361.8  , 0.10,    0.11   , https://doi.org/10.1021/acs.inorgchem.7b02371
   SeH6 ,   51,      150,    0.84,     762.78, 0.10,   39      , https://doi.org/10.1002/pssb.201800224
   SeH6 ,   51,      200,    0.73,     724.34, 0.10,   28      , https://doi.org/10.1002/pssb.201800224
   SeH6 ,   51,      300,    0.62,    1039.82, 0.10,   26      , https://doi.org/10.1002/pssb.201800224
   SeH6 ,   51,      150,    0.84,     762.78, 0.13,   32      , https://doi.org/10.1002/pssb.201800224
   SeH6 ,   51,      200,    0.73,     724.34, 0.13,   22      , https://doi.org/10.1002/pssb.201800224
   SeH6 ,   51,      300,    0.62,    1039.82, 0.13,   19      , https://doi.org/10.1002/pssb.201800224
   SeH6 ,   12,      265,    1.06,    1158.31, 0.10,   87      , https://doi.org/10.1002/pssb.201800224
   SeH6 ,   12,      270,    1.05,    1157.37, 0.10,   86      , https://doi.org/10.1002/pssb.201800224
   SeH6 ,   12,      300,    1.62,     585.26, 0.10,   56      , https://doi.org/10.1002/pssb.201800224
   SeH6 ,   12,      265,    1.06,    1158.31, 0.13,   76      , https://doi.org/10.1002/pssb.201800224
   SeH6 ,   12,      270,    1.05,    1157.37, 0.13,   75      , https://doi.org/10.1002/pssb.201800224
   SeH6 ,   12,      300,    1.62,     585.26, 0.13,   50      , https://doi.org/10.1002/pssb.201800224
   ScH2 ,  191,      300,    0.44,      543.5, 0.10,    4      , https://doi.org/10.1021/acs.jpcc.7b12124
   ScH3 ,  194,      400,    0.17,      571.8, 0.10,    1      , https://doi.org/10.1021/acs.jpcc.7b12124
   ScH4 ,  139,      120,    1.68,      734.3, 0.10,   92      , https://doi.org/10.1021/acs.jpcc.7b12124
   ScH4 ,  139,      250,    0.81,     1891.8, 0.10,   68      , https://doi.org/10.1021/acs.jpcc.7b12124
   ScH6 ,  194,      250,    0.57,     1439.8, 0.10,   29      , https://doi.org/10.1021/acs.jpcc.7b12124
   ScH6 ,  229,      350,    1.25,     1433.4, 0.10,  135      , https://doi.org/10.1021/acs.jpcc.7b12124
   ScH7 ,   63,      300,    1.84,     1245.2, 0.10,  169      , https://doi.org/10.1021/acs.jpcc.7b12124
   ScH9 ,  109,      300,    1.94,     1156.2, 0.10,  163      , https://doi.org/10.1021/acs.jpcc.7b12124
   ScH10,   63,      250,    1.17,     1366.8, 0.10,  120      , https://doi.org/10.1021/acs.jpcc.7b12124
   ScH12,   71,      350,    1.23,     1525.3, 0.10,  141      , https://doi.org/10.1021/acs.jpcc.7b12124
   C6H6 ,   14,      185,        ,      724.3, 0.13,    7.18   , https://doi.org/10.1088/1361-648X/aac3ff
   C6H6 ,   14,      190,        ,      571.7, 0.13,   13.67   , https://doi.org/10.1088/1361-648X/aac3ff 
   C6H6 ,   14,      195,        ,      365.6, 0.13,   15.75   , https://doi.org/10.1088/1361-648X/aac3ff
   C6H6 ,   14,      185,        ,      724.3, 0.10,   11.19   , https://doi.org/10.1088/1361-648X/aac3ff
   C6H6 ,   14,      190,        ,      571.7, 0.10,   18.13   , https://doi.org/10.1088/1361-648X/aac3ff
   C6H6 ,   14,      195,        ,      365.6, 0.10,   19.16   , https://doi.org/10.1088/1361-648X/aac3ff
   ScH3 ,  225,      135,    0.23,        918, 0.10,    0      , https://doi.org/10.1103/PhysRevB.96.144108
   ScH3 ,  225,      135,    0.23,        918, 0.13,    0      , https://doi.org/10.1103/PhysRevB.96.144108
   ScH4 ,  139,      195,    0.89,       1340, 0.10,   81      , https://doi.org/10.1103/PhysRevB.96.144108
   ScH4 ,  139,      195,    0.89,       1340, 0.13,   67      , https://doi.org/10.1103/PhysRevB.96.144108
   ScH6 ,  194,      145,    0.95,       1110, 0.10,   75      , https://doi.org/10.1103/PhysRevB.96.144108
   ScH6 ,  194,      145,    0.95,       1110, 0.13,   63      , https://doi.org/10.1103/PhysRevB.96.144108
   ScH6 ,  229,      285,    1.33,       1300, 0.10,  147      , https://doi.org/10.1103/PhysRevB.96.144108
   ScH6 ,  229,      285,    1.33,       1300, 0.13,  130      , https://doi.org/10.1103/PhysRevB.96.144108
   ScH6 ,  194,      130,        ,           , 0.10,  122.6    , https://doi.org/10.1103/PhysRevB.96.094513
   ScH6 ,  194,      200,        ,           , 0.10,  103.6    , https://doi.org/10.1103/PhysRevB.96.094513
   ScH6 ,  194,      300,        ,           , 0.10,   65.59   , https://doi.org/10.1103/PhysRevB.96.094513
   ScH4 ,  139,      200,        ,           , 0.10,  104.6    , https://doi.org/10.1103/PhysRevB.96.094513
   ScH4 ,  139,      250,        ,           , 0.10,   90.81   , https://doi.org/10.1103/PhysRevB.96.094513
   ScH4 ,  139,      300,        ,           , 0.10,   90.81   , https://doi.org/10.1103/PhysRevB.96.094513
   ScH8 ,   71,      300,        ,           , 0.10,  117.1    , https://doi.org/10.1103/PhysRevB.96.094513
   ScH8 ,   71,      350,        ,           , 0.10,  119.8    , https://doi.org/10.1103/PhysRevB.96.094513
   ScH8 ,   71,      400,        ,           , 0.10,  150.7    , https://doi.org/10.1103/PhysRevB.96.094513
   ScH6 ,  229,      300,        ,           , 0.10,  123.8    , https://doi.org/10.1103/PhysRevB.96.094513
   ScH6 ,  229,      350,        ,           , 0.10,  120.9    , https://doi.org/10.1103/PhysRevB.96.094513
   ScH6 ,  229,      400,        ,           , 0.10,  120.9    , https://doi.org/10.1103/PhysRevB.96.094513
   ScH6 ,  229,      300,        ,           , 0.10,  100.5    , https://doi.org/10.1103/PhysRevLett.119.107001
   ScH6 ,  229,      300,        ,           , 0.13,   87.94   , https://doi.org/10.1103/PhysRevLett.119.107001
   ScH9 ,  194,      400,        ,           , 0.10,  181.8    , https://doi.org/10.1103/PhysRevLett.119.107001
   ScH9 ,  194,      400,        ,           , 0.13,  167.9    , https://doi.org/10.1103/PhysRevLett.119.107001
    YH6 ,  229,      120,        ,           , 0.10,  264.5    , https://doi.org/10.1103/PhysRevLett.119.107001
    YH6 ,  229,      120,        ,           , 0.13,  250.6    , https://doi.org/10.1103/PhysRevLett.119.107001
    YH9 ,  194,      150,        ,           , 0.10,  267.2    , https://doi.org/10.1103/PhysRevLett.119.107001
    YH9 ,  194,      150,        ,           , 0.13,  253.2    , https://doi.org/10.1103/PhysRevLett.119.107001
    YH10,  225,      400,        ,           , 0.10,  310.2    , https://doi.org/10.1103/PhysRevLett.119.107001
    YH10,  225,      400,        ,           , 0.13,  287.2    , https://doi.org/10.1103/PhysRevLett.119.107001
   LaH6 ,  167,      100,        ,           , 0.10,  170.8    , https://doi.org/10.1103/PhysRevLett.119.107001
   LaH6 ,  167,      100,        ,           , 0.13,  154.8    , https://doi.org/10.1103/PhysRevLett.119.107001
   LaH9 ,    9,       50,        ,           , 0.10,   27.99   , https://doi.org/10.1103/PhysRevLett.119.107001
   LaH9 ,    9,       50,        ,           , 0.13,   21.01   , https://doi.org/10.1103/PhysRevLett.119.107001
   CeH9 ,  194,      100,        ,           , 0.10,   53.61   , https://doi.org/10.1103/PhysRevLett.119.107001
   CeH9 ,  194,      100,        ,           , 0.13,   47.33   , https://doi.org/10.1103/PhysRevLett.119.107001
   CeH10,  225,      200,        ,           , 0.10,   59.75   , https://doi.org/10.1103/PhysRevLett.119.107001
   CeH10,  225,      200,        ,           , 0.13,   49.28   , https://doi.org/10.1103/PhysRevLett.119.107001
    YH3 ,   11,      120,   0.676,    601.310, 0.10,   19      , https://doi.org/10.1088/1361-648X/aa787d
    YH3 ,  194,      120,   0.417,   1162.113, 0.10,    6      , https://doi.org/10.1088/1361-648X/aa787d
    YH3 ,   11,      200,   0.534,    569.413, 0.10,    9      , https://doi.org/10.1088/1361-648X/aa787d
    YH3 ,  194,      200,   0.232,    658.749, 0.10,    0      , https://doi.org/10.1088/1361-648X/aa787d
    YH3 ,  139,      200,   0.270,    579.837, 0.10,    0      , https://doi.org/10.1088/1361-648X/aa787d
    YH4 ,  139,      120,   0.980,   1388.606, 0.10,   94      , https://doi.org/10.1088/1361-648X/aa787d
    YH4 ,  139,      200,   0.764,   1289.016, 0.10,   55      , https://doi.org/10.1088/1361-648X/aa787d
   LaH4 ,  139,      300,    0.43,       1624, 0.10,   10      , https://doi.org/10.1073/pnas.1704505114
   LaH4 ,  139,      300,    0.43,       1624, 0.13,    5      , https://doi.org/10.1073/pnas.1704505114
   LaH8 ,   12,      300,    1.12,       1591, 0.10,  131      , https://doi.org/10.1073/pnas.1704505114
   LaH8 ,   12,      300,    1.12,       1591, 0.13,  114      , https://doi.org/10.1073/pnas.1704505114
   LaH10,  225,      210,    3.41,        848, 0.10,  238      , https://doi.org/10.1073/pnas.1704505114
   LaH10,  225,      210,    3.41,        848, 0.13,  219      , https://doi.org/10.1073/pnas.1704505114
   LaH10,  225,      250,    2.29,       1253, 0.10,  232      , https://doi.org/10.1073/pnas.1704505114
   LaH10,  225,      250,    2.29,       1253, 0.13,  212      , https://doi.org/10.1073/pnas.1704505114
   LaH10,  225,      300,    1.78,       1488, 0.10,  215      , https://doi.org/10.1073/pnas.1704505114
   LaH10,  225,      300,    1.78,       1488, 0.13,  196      , https://doi.org/10.1073/pnas.1704505114
    YH10,  229,      250,    2.58,       1282, 0.10,  265      , https://doi.org/10.1073/pnas.1704505114
    YH10,  229,      250,    2.58,       1282, 0.13,  244      , https://doi.org/10.1073/pnas.1704505114
    YH10,  229,      300,    2.06,       1511, 0.10,  255      , https://doi.org/10.1073/pnas.1704505114
    YH10,  229,      300,    2.06,       1511, 0.13,  233      , https://doi.org/10.1073/pnas.1704505114
    VH  ,  166,      200,   0.396,        567, 0.10,     2.24  , https://doi.org/10.1021/acs.inorgchem.7b01686
    VH  ,  166,      200,   0.396,        567, 0.13,     0.96  , https://doi.org/10.1021/acs.inorgchem.7b01686
    VH2 ,   62,      200,   0.503,        493, 0.10,     6.12  , https://doi.org/10.1021/acs.inorgchem.7b01686
    VH2 ,   62,      200,   0.503,        493, 0.13,     3.71  , https://doi.org/10.1021/acs.inorgchem.7b01686
    VH3 ,  225,      200,   0.475,        466, 0.10,     4.59  , https://doi.org/10.1021/acs.inorgchem.7b01686
    VH3 ,  225,      200,   0.475,        466, 0.13,     2.62  , https://doi.org/10.1021/acs.inorgchem.7b01686
    VH5 ,  194,      200,   0.530,       1210, 0.10,    18.5   , https://doi.org/10.1021/acs.inorgchem.7b01686
    VH5 ,  194,      200,   0.530,       1210, 0.13,    11.8   , https://doi.org/10.1021/acs.inorgchem.7b01686
    VH5 ,   63,      300,   0.663,        936, 0.10,    25.1   , https://doi.org/10.1021/acs.inorgchem.7b01686
    VH5 ,   63,      300,   0.663,        936, 0.13,    18.3   , https://doi.org/10.1021/acs.inorgchem.7b01686
    VH8 ,   12,      300,   1.135,        876, 0.10,    71.4   , https://doi.org/10.1021/acs.inorgchem.7b01686
    VH8 ,   12,      300,   1.135,        876, 0.13,    62.8   , https://doi.org/10.1021/acs.inorgchem.7b01686
   ScH3 ,     ,       18,        ,           , 0.10,    19.3   , https://doi.org/10.1088/0953-2048/27/11/115012
   LaH3 ,     ,       11,        ,           , 0.10,    22.5   , https://doi.org/10.1088/0953-2048/27/11/115012
   CrH  ,  194,        0,        ,      338.3, 0.10,    10.60  , https://doi.org/10.1038/srep17764
   CrH  ,  194,       60,        ,      414.9, 0.10,     4.156 , https://doi.org/10.1038/srep17764
   CrH  ,  194,      120,        ,      529.8, 0.10,     3.290 , https://doi.org/10.1038/srep17764
   CrH  ,  194,      200,        ,      557.4, 0.10,     3.100 , https://doi.org/10.1038/srep17764
   CrH3 ,  194,       81,        ,      568.1, 0.10,    37.10  , https://doi.org/10.1038/srep17764
   CrH3 ,  194,      120,        ,      629.8, 0.10,    29.49  , https://doi.org/10.1038/srep17764
   CrH3 ,  194,      160,        ,      670.2, 0.10,    28.09  , https://doi.org/10.1038/srep17764
   CrH3 ,  194,      200,        ,      808.5, 0.10,    27.11  , https://doi.org/10.1038/srep17764
   ThH3 ,  166,      100,  0.11  ,       1664, 0.10,      0    , https://doi.org/10.1021/acsami.8b17100
   ThH3 ,  166,      100,  0.11  ,       1664, 0.15,      0    , https://doi.org/10.1021/acsami.8b17100
  Th3H10,   71,       10,  0.48  ,        379, 0.10,    3.9    , https://doi.org/10.1021/acsami.8b17100
  Th3H10,   71,       10,  0.48  ,        379, 0.15,    1.2    , https://doi.org/10.1021/acsami.8b17100
   ThH4 ,  139,       85,  0.36  ,       1003, 0.10,    3.0    , https://doi.org/10.1021/acsami.8b17100
   ThH4 ,  139,       85,  0.36  ,       1003, 0.15,    0.5    , https://doi.org/10.1021/acsami.8b17100
   ThH7 ,   14,      100,  0.84  ,       1192, 0.10,   64.8    , https://doi.org/10.1021/acsami.8b17100
   ThH7 ,   14,      100,  0.84  ,       1192, 0.15,   45.3    , https://doi.org/10.1021/acsami.8b17100
   ThH10,  225,      100,  2.50  ,       1073, 0.10,  221.1    , https://doi.org/10.1021/acsami.8b17100
   ThH10,  225,      100,  2.50  ,       1073, 0.15,  193.9    , https://doi.org/10.1021/acsami.8b17100
   ThH10,  225,      200,  1.35  ,       1627, 0.10,  182.6    , https://doi.org/10.1021/acsami.8b17100
   ThH10,  225,      200,  1.35  ,       1627, 0.15,  150.5    , https://doi.org/10.1021/acsami.8b17100
   ThH10,  225,      300,  1.11  ,       1775, 0.10,  155.4    , https://doi.org/10.1021/acsami.8b17100
   ThH10,  225,      300,  1.11  ,       1775, 0.15,  121.4    , https://doi.org/10.1021/acsami.8b17100
   SeH3 ,     ,      200,  1.10  ,       1379, 0.10,  110      , https://arxiv.org/abs/1812.03384
    SH3 ,     ,      200,  2.02  ,       1280, 0.10,  185      , https://arxiv.org/abs/1812.03384
    UH10,  225,      500,  0.53  ,     969.50, 0.10,   15.11   , https://doi.org/10.1016/j.physleta.2018.11.048
    UH10,  225,      500,  0.53  ,     969.50, 0.15,    6.84   , https://doi.org/10.1016/j.physleta.2018.11.048
   CaH4 ,   63,      200,  0.46  ,     1398.0, 0.10,   11.6    , https://doi.org/10.1021/acs.inorgchem.8b03165
   CaH4 ,   63,      200,  0.46  ,     1398.0, 0.13,    6.3    , https://doi.org/10.1021/acs.inorgchem.8b03165
   CaH4 ,   63,      300,  0.64  ,     1441.1, 0.10,   39.6    , https://doi.org/10.1021/acs.inorgchem.8b03165
   CaH4 ,   63,      300,  0.64  ,     1441.1, 0.13,   29.0    , https://doi.org/10.1021/acs.inorgchem.8b03165
   CaH4 ,   63,      400,  0.64  ,     1587.5, 0.10,   44.1    , https://doi.org/10.1021/acs.inorgchem.8b03165
   CaH4 ,   63,      400,  0.64  ,     1587.5, 0.13,   32.3    , https://doi.org/10.1021/acs.inorgchem.8b03165
   CaH9 ,   12,      300,  2.93  ,     1060.3, 0.10,  266.4    , https://doi.org/10.1021/acs.inorgchem.8b03165
   CaH9 ,   12,      300,  2.93  ,     1060.3, 0.13,  239.3    , https://doi.org/10.1021/acs.inorgchem.8b03165
   CaH9 ,   12,      350,  2.29  ,     1355.5, 0.10,  274.7    , https://doi.org/10.1021/acs.inorgchem.8b03165
   CaH9 ,   12,      350,  2.29  ,     1355.5, 0.13,  256.6    , https://doi.org/10.1021/acs.inorgchem.8b03165
   CaH9 ,   12,      400,  2.27  ,     1404.1, 0.10,  285.2    , https://doi.org/10.1021/acs.inorgchem.8b03165
   CaH9 ,   12,      400,  2.27  ,     1404.1, 0.13,  260.6    , https://doi.org/10.1021/acs.inorgchem.8b03165
   CaH10,  166,      400,  1.67  ,     1166.4, 0.10,  175.3    , https://doi.org/10.1021/acs.inorgchem.8b03165
   CaH10,  166,      400,  1.67  ,     1166.4, 0.13,  156.9    , https://doi.org/10.1021/acs.inorgchem.8b03165
    BH2 ,   15,      250,  0.600 ,    1627.87, 0.10,   37.31   , https://doi.org/10.1039/C9CP00310J
    BH2 ,   15,      250,  0.600 ,    1627.87, 0.13,   28.18   , https://doi.org/10.1039/C9CP00310J
    BH2 ,   15,      300,  0.582 ,    1641.62, 0.10,   34.24   , https://doi.org/10.1039/C9CP00310J
    BH2 ,   15,      300,  0.582 ,    1641.62, 0.13,   23.62   , https://doi.org/10.1039/C9CP00310J
    BH2 ,   15,      350,  0.580 ,    1614.59, 0.10,   33.31   , https://doi.org/10.1039/C9CP00310J
    BH2 ,   15,      350,  0.580 ,    1614.59, 0.13,   22.92   , https://doi.org/10.1039/C9CP00310J
    BH2 ,   15,      400,  0.546 ,    1668.52, 0.10,   28.03   , https://doi.org/10.1039/C9CP00310J
    BH2 ,   15,      400,  0.546 ,    1668.52, 0.13,   18.38   , https://doi.org/10.1039/C9CP00310J
    BH  ,  191,      250,  0.377 ,    1530.52, 0.10,    4.522  , https://doi.org/10.1039/C9CP00310J
    BH  ,  191,      250,  0.377 ,    1530.52, 0.13,    1.726  , https://doi.org/10.1039/C9CP00310J
   CaH6 ,  229,      150,        ,           , 0.10,  220      , https://doi.org/10.1073/pnas.1118168109
   CaH6 ,  229,      150,        ,           , 0.13,  235      , https://doi.org/10.1073/pnas.1118168109
   CaH6 ,  229,      200,        ,           , 0.13,  201      , https://doi.org/10.1073/pnas.1118168109
   CaH6 ,  229,      250,        ,           , 0.13,  187      , https://doi.org/10.1073/pnas.1118168109
   PbH8 ,   12,      230,        ,           , 0.1 ,  107      , https://doi.org/10.1038/srep16475
   PbH8 ,   12,      140,        ,           , 0.1 ,   76.49   , https://doi.org/10.1038/srep16475
   PbH8 ,   12,      180,        ,           , 0.1 ,   97.14   , https://doi.org/10.1038/srep16475
   PbH8 ,   12,      200,        ,           , 0.1 ,  103.2    , https://doi.org/10.1038/srep16475
   PbH8 ,   12,      250,        ,           , 0.1 ,  106.2    , https://doi.org/10.1038/srep16475
   PbH8 ,   12,      300,        ,           , 0.1 ,  105.1    , https://doi.org/10.1038/srep16475
   PbH8 ,   12,      350,        ,           , 0.1 ,  104.0    , https://doi.org/10.1038/srep16475
   PbH8 ,   12,      140,        ,           , 0.15,   63.11   , https://doi.org/10.1038/srep16475
   PbH8 ,   12,      180,        ,           , 0.15,   81.16   , https://doi.org/10.1038/srep16475
   PbH8 ,   12,      200,        ,           , 0.15,   85.10   , https://doi.org/10.1038/srep16475
   PbH8 ,   12,      250,        ,           , 0.15,   89.15   , https://doi.org/10.1038/srep16475
   PbH8 ,   12,      300,        ,           , 0.15,   88.11   , https://doi.org/10.1038/srep16475
   PbH8 ,   12,      350,        ,           , 0.15,   86.24   , https://doi.org/10.1038/srep16475
   AlH3 ,     ,      110,  0.74  ,           , 0.14,   24      , https://doi.org/10.1103/PhysRevLett.100.045504
   AlH3 ,     ,      165,        ,           , 0.14,    6      , https://doi.org/10.1103/PhysRevLett.100.045504
   LaH10,     ,      200,        ,           , 0.1 ,  288      , https://doi.org/10.1103/PhysRevLett.119.107001
   LaH4 ,     ,      300,  0.43  ,       1624, 0.1 ,   10      , https://doi.org/10.1073/pnas.1704505114
   LaH8 ,     ,      300,  1.12  ,       1591, 0.1 ,  131      , https://doi.org/10.1073/pnas.1704505114
   LaH10,     ,      210,  3.41  ,        848, 0.1 ,  238      , https://doi.org/10.1073/pnas.1704505114
   LaH10,     ,      250,  2.29  ,       1253, 0.1 ,  232      , https://doi.org/10.1073/pnas.1704505114
   LaH10,     ,      300,  1.78  ,       1488, 0.1 ,  215      , https://doi.org/10.1073/pnas.1704505114
    YH10,     ,      250,  2.58  ,       1282, 0.1 ,  265      , https://doi.org/10.1073/pnas.1704505114
    YH10,     ,      300,  2.06  ,       1511, 0.1 ,  255      , https://doi.org/10.1073/pnas.1704505114
   LaH4 ,     ,      300,  0.43  ,       1624, 0.13,    5      , https://doi.org/10.1073/pnas.1704505114
   LaH8 ,     ,      300,  1.12  ,       1591, 0.13,  114      , https://doi.org/10.1073/pnas.1704505114
   LaH10,     ,      210,  3.41  ,        848, 0.13,  219      , https://doi.org/10.1073/pnas.1704505114
   LaH10,     ,      250,  2.29  ,       1253, 0.13,  212      , https://doi.org/10.1073/pnas.1704505114
   LaH10,     ,      300,  1.78  ,       1488, 0.13,  196      , https://doi.org/10.1073/pnas.1704505114
    YH10,     ,      250,  2.58  ,       1282, 0.13,  244      , https://doi.org/10.1073/pnas.1704505114
    YH10,     ,      300,  2.06  ,       1511, 0.13,  233      , https://doi.org/10.1073/pnas.1704505114
   PtH  ,  194,       90,  0.7815,      266.3, 0.13,   11.96   , https://doi.org/10.1103/PhysRevB.83.214106 
   PtH  ,  194,       95,  0.6424,      326.4, 0.13,    9.154  , https://doi.org/10.1103/PhysRevB.83.214106 
   PtH  ,  194,      100,  0.5771,      362.4, 0.13,    7.383  , https://doi.org/10.1103/PhysRevB.83.214106 
   PtH  ,  194,      120,  0.4700,      425.8, 0.13,    3.775  , https://doi.org/10.1103/PhysRevB.83.214106 
   PtH  ,  194,      140,  0.3874,      461.8, 0.13,    1.670  , https://doi.org/10.1103/PhysRevB.83.214106 
   PtH  ,  194,      160,  0.3468,      471.9, 0.13,    0.8352 , https://doi.org/10.1103/PhysRevB.83.214106 
   SiH4 ,   60,      220,  0.58  ,           , 0.13,   16.5    , https://doi.org/10.1103/PhysRevLett.102.087005
   GeH4 ,   15,      220,  1.12  ,      897  , 0.13,   64      , https://doi.org/10.1103/PhysRevLett.101.107002
   SnH4 ,  191,       70,  1.30  ,      660  , 0.13,   58      , https://doi.org/10.1103/PhysRevLett.98.117004
   SnH4 ,  191,      120,  1.20  ,      921  , 0.13,   73      , https://doi.org/10.1103/PhysRevLett.98.117004
   SnH4 ,  191,      160,  1.29  ,      848  , 0.13,   74      , https://doi.org/10.1103/PhysRevLett.98.117004
   SnH4 ,  191,      120,  1.20  ,      921  , 0.10,   83      , https://doi.org/10.1103/PhysRevLett.98.117004
   SnH4 ,  191,      120,  1.20  ,      921  , 0.12,   77      , https://doi.org/10.1103/PhysRevLett.98.117004
    YH4 ,  139,      120,  1.01  ,     1119  , 0.10,   95      , https://doi.org/10.1038/srep09948
    YH4 ,  139,      120,  1.01  ,     1119  , 0.13,   84      , https://doi.org/10.1038/srep09948
    YH6 ,  229,      120,  2.93  ,           , 0.10,  264      , https://doi.org/10.1038/srep09948
    YH6 ,  229,      120,  2.93  ,           , 0.13,  251      , https://doi.org/10.1038/srep09948
   MgH6 ,  229,      300,  3.29 ,      1450  , 0.12,  263      , https://doi.org/10.1039/C5RA11459D
   MgH6 ,  229,      350,  2.72 ,      1597  , 0.12,  265      , https://doi.org/10.1039/C5RA11459D
   MgH6 ,  229,      400,  2.52 ,      1700  , 0.12,  271      , https://doi.org/10.1039/C5RA11459D
    IH2 ,   62,      100,  0.472,       552.6, 0.10,    5.30   , https://doi.org/10.1039/C5CP05218A
    IH2 ,   62,      150,  0.427,       729.2, 0.10,    4.32   , https://doi.org/10.1039/C5CP05218A
    IH2 ,   62,      200,  0.403,       834.6, 0.10,    3.67   , https://doi.org/10.1039/C5CP05218A
    IH2 ,   62,      240,  0.398,       917.7, 0.10,    3.77   , https://doi.org/10.1039/C5CP05218A
    IH2 ,   62,      100,  0.472,       552.6, 0.13,    3.00   , https://doi.org/10.1039/C5CP05218A
    IH2 ,   62,      150,  0.427,       729.2, 0.13,    2.12   , https://doi.org/10.1039/C5CP05218A
    IH2 ,   62,      200,  0.403,       834.6, 0.13,    1.62   , https://doi.org/10.1039/C5CP05218A
    IH2 ,   62,      240,  0.398,       917.7, 0.13,    1.62   , https://doi.org/10.1039/C5CP05218A
    IH2 ,  166,      240,  0.611,      1366.2, 0.10,   33.05   , https://doi.org/10.1039/C5CP05218A
    IH2 ,  166,      260,  0.594,      1384.5, 0.10,   30.82   , https://doi.org/10.1039/C5CP05218A
    IH2 ,  166,      300,  0.548,      1465.8, 0.10,   25.09   , https://doi.org/10.1039/C5CP05218A
    IH2 ,  166,      240,  0.611,      1366.2, 0.13,   23.55   , https://doi.org/10.1039/C5CP05218A
    IH2 ,  166,      260,  0.594,      1384.5, 0.13,   21.57   , https://doi.org/10.1039/C5CP05218A
    IH2 ,  166,      300,  0.548,      1465.8, 0.13,   16.53   , https://doi.org/10.1039/C5CP05218A
    IH4 ,  191,      120,  0.500,       792.9, 0.10,    9.92   , https://doi.org/10.1039/C5CP05218A
    IH4 ,  191,      160,  0.474,       898.5, 0.10,    8.80   , https://doi.org/10.1039/C5CP05218A
    IH4 ,  191,      200,  0.476,       960.4, 0.10,    9.57   , https://doi.org/10.1039/C5CP05218A
    IH4 ,  191,      250,  0.493,       981.0, 0.10,   11.26   , https://doi.org/10.1039/C5CP05218A
    IH4 ,  191,      120,  0.500,       792.9, 0.13,    6.04   , https://doi.org/10.1039/C5CP05218A
    IH4 ,  191,      160,  0.474,       898.5, 0.13,    5.01   , https://doi.org/10.1039/C5CP05218A
    IH4 ,  191,      200,  0.476,       960.4, 0.13,    5.48   , https://doi.org/10.1039/C5CP05218A
    IH4 ,  191,      250,  0.493,       981.0, 0.13,    6.70   , https://doi.org/10.1039/C5CP05218A
    IH4 ,  191,      300,  0.525,       849.4, 0.13,    7.92   , https://doi.org/10.1039/C5CP05218A
    PH1 ,  139,       80,  1.011,       546.3,     ,   41.13   , https://doi.org/10.1103/PhysRevB.93.020508
    PH1 ,  139,      120,  0.942,       539.3,     ,   33.14   , https://doi.org/10.1103/PhysRevB.93.020508
    PH1 ,  139,      200,  1.288,       680.4,     ,   61.79   , https://doi.org/10.1103/PhysRevB.93.020508
    PH1 ,  139,      250,  1.423,       816.9,     ,   82.85   , https://doi.org/10.1103/PhysRevB.93.020508
    PH2 ,  139,       80,  0.939,       752.7,     ,   47.17   , https://doi.org/10.1103/PhysRevB.93.020508
    PH2 ,  139,      120,  1.049,       667.6,     ,   47.95   , https://doi.org/10.1103/PhysRevB.93.020508
    PH2 ,  139,      150,  1.093,       704.4,     ,   56.34   , https://doi.org/10.1103/PhysRevB.93.020508
    PH2 ,  139,      180,  1.176,       719.7,     ,   61.01   , https://doi.org/10.1103/PhysRevB.93.020508
    PH2 ,  139,      200,  1.288,       709.3,     ,   67.25   , https://doi.org/10.1103/PhysRevB.93.020508
    PH2 ,  139,      220,  1.349,       764.1,     ,   78.17   , https://doi.org/10.1103/PhysRevB.93.020508
    PH2 ,  139,      260,  1.307,       813.8,     ,   86.74   , https://doi.org/10.1103/PhysRevB.93.020508
    PH3 ,   12,       80,  1.010,       815.8,     ,   44.83   , https://doi.org/10.1103/PhysRevB.93.020508
    PH3 ,   12,       90,  0.943,       835.2,     ,   40.16   , https://doi.org/10.1103/PhysRevB.93.020508
    PH3 ,   12,      110,  0.876,       849.3,     ,   36.26   , https://doi.org/10.1103/PhysRevB.93.020508
    PH3 ,   12,      140,  0.912,       901.0,     ,   42.30   , https://doi.org/10.1103/PhysRevB.93.020508
    PH3 ,   12,      180,  1.005,       882.3,     ,   50.68   , https://doi.org/10.1103/PhysRevB.93.020508
    PH3 ,   12,      220,  1.089,       734.1,     ,   55.75   , https://doi.org/10.1103/PhysRevB.93.020508
    PH3 ,   12,      260,  1.116,       965.7,     ,   72.12   , https://doi.org/10.1103/PhysRevB.93.020508
    YH6 ,  229,      200,  1.92  ,     1290.6, 0.10,  220.5    , https://doi.org/10.1088/1361-648X/ab09b4
    YH6 ,  229,      200,  1.92  ,     1290.6, 0.13,  205.2    , https://doi.org/10.1088/1361-648X/ab09b4
   CaH6 ,  229,      200,  1.98  ,     1237.7, 0.10,  211.3    , https://doi.org/10.1088/1361-648X/ab09b4
   CaH6 ,  229,      200,  1.98  ,     1237.7, 0.13,  197.1    , https://doi.org/10.1088/1361-648X/ab09b4
   RuH1 ,  225,      100,  0.32 ,     447.8  , 0.10,    0.41   , https://doi.org/10.1039/C5CP06617D
   RuH3 ,  221,      100,  0.42 ,     667.2  , 0.10,    3.57   , https://doi.org/10.1039/C5CP06617D
   RuH3 ,  223,      200,  0.35 ,     725.9  , 0.10,    1.25   , https://doi.org/10.1039/C5CP06617D
   FeH5 ,  139,      150, 0.97   ,    642.3  , 0.10,   45.8    , https://doi.org/10.1021/acs.jpcc.8b01270
   FeH5 ,  139,      200, 1.05   ,    492.7  , 0.10,   39.7    , https://doi.org/10.1021/acs.jpcc.8b01270
   FeH5 ,  139,      300, 1.26   ,    339.5  , 0.10,   35.7    , https://doi.org/10.1021/acs.jpcc.8b01270
   FeH5 ,  139,      150, 0.97   ,    642.3  , 0.15,   33.6    , https://doi.org/10.1021/acs.jpcc.8b01270
   FeH5 ,  139,      200, 1.05   ,    492.7  , 0.15,   30.6    , https://doi.org/10.1021/acs.jpcc.8b01270
   FeH5 ,  139,      300, 1.26   ,    339.5  , 0.15,   28.7    , https://doi.org/10.1021/acs.jpcc.8b01270
   FeH6 ,   65,      100, 0.37   ,    973.1  , 0.10,    3.9    , https://doi.org/10.1021/acs.jpcc.8b01270
   FeH6 ,   65,      150, 0.92   ,    665.6  , 0.10,   42.9    , https://doi.org/10.1021/acs.jpcc.8b01270
   FeH6 ,   65,      300, 0.94   ,    549.6  , 0.10,   37.3    , https://doi.org/10.1021/acs.jpcc.8b01270
   FeH6 ,   65,      100, 0.37   ,    973.1  , 0.10,    1.2    , https://doi.org/10.1021/acs.jpcc.8b01270
   FeH6 ,   65,      150, 0.92   ,    665.6  , 0.10,   31.3    , https://doi.org/10.1021/acs.jpcc.8b01270
   FeH6 ,   65,      300, 0.94   ,    549.6  , 0.10,   27.6    , https://doi.org/10.1021/acs.jpcc.8b01270
   BeH2 ,   63,      230,        ,           , 0.10,   42.38   , https://doi.org/10.1063/1.4898145
   BeH2 ,   63,      250, 0.63   ,   1670.7  , 0.10,   44.10   , https://doi.org/10.1063/1.4898145
   BeH2 ,   63,      275,        ,           , 0.10,   45.10   , https://doi.org/10.1063/1.4898145
   BeH2 ,   63,      290,        ,           , 0.10,   37.06   , https://doi.org/10.1063/1.4898145
   BeH2 ,   63,      310,        ,           , 0.10,   34.08   , https://doi.org/10.1063/1.4898145
   BeH2 ,  129,      350,        ,           , 0.10,   75.26   , https://doi.org/10.1063/1.4898145
   BeH2 ,  129,      365,        ,           , 0.10,   97.00   , https://doi.org/10.1063/1.4898145
   BeH2 ,  129,      390,        ,           , 0.10,   63.25   , https://doi.org/10.1063/1.4898145
   BeH2 ,  129,      400, 0.65   ,   2170    , 0.10,   62.40   , https://doi.org/10.1063/1.4898145
   BeH2 ,   63,      230,        ,           , 0.13,   30.85   , https://doi.org/10.1063/1.4898145
   BeH2 ,   63,      250, 0.63   ,   1670.7  , 0.13,   32.10   , https://doi.org/10.1063/1.4898145
   BeH2 ,   63,      275,        ,           , 0.13,   32.66   , https://doi.org/10.1063/1.4898145
   BeH2 ,   63,      290,        ,           , 0.13,   26.47   , https://doi.org/10.1063/1.4898145
   BeH2 ,   63,      310,        ,           , 0.13,   24.42   , https://doi.org/10.1063/1.4898145
   BeH2 ,  129,      350,        ,           , 0.13,   63.63   , https://doi.org/10.1063/1.4898145
   BeH2 ,  129,      365,        ,           , 0.13,   78.88   , https://doi.org/10.1063/1.4898145
   BeH2 ,  129,      390,        ,           , 0.13,   50.98   , https://doi.org/10.1063/1.4898145
   BeH2 ,  129,      400, 0.65   ,   2170    , 0.13,   46.10   , https://doi.org/10.1063/1.4898145
   SrH6 ,  166,      250, 1.10   ,   1358    , 0.10,  108      , https://arxiv.org/abs/1806.00163
   PtH  ,  194,      113, 0.85   ,    328.66 , 0.10,   17.2    , https://doi.org/10.1103/PhysRevB.84.054543
   PtH  ,  194,      130, 0.62   ,    591.01 , 0.10,   15.1    , https://doi.org/10.1103/PhysRevB.84.054543
   PtH  ,  194,      160, 0.53   ,    658.56 , 0.10,    9.7    , https://doi.org/10.1103/PhysRevB.84.054543
   PtH  ,  194,      192, 0.48   ,    706.74 , 0.10,    7.1    , https://doi.org/10.1103/PhysRevB.84.054543
   TaH2 ,   62,      200, 0.57   ,    409    , 0.10,    7.1    , https://doi.org/10.1021/acs.inorgchem.6b02822 
   TaH4 ,  166,      250, 0.71   ,    866    , 0.10,   31      , https://doi.org/10.1021/acs.inorgchem.6b02822 
   TaH6 ,   43,      300, 1.56   ,   1151    , 0.10,  135.8    , https://doi.org/10.1021/acs.inorgchem.6b02822 
   TaH2 ,   62,      200, 0.57   ,    409    , 0.13,    5.4    , https://doi.org/10.1021/acs.inorgchem.6b02822 
   TaH4 ,  166,      250, 0.71   ,    866    , 0.13,   23.9    , https://doi.org/10.1021/acs.inorgchem.6b02822 
   TaH6 ,   43,      300, 1.56   ,   1151    , 0.13,  124.2    , https://doi.org/10.1021/acs.inorgchem.6b02822 
   NbH4 ,     ,      300, 0.82   ,    888.79 , 0.10,   46.77   , https://doi.org/10.1140/epjb/e2014-50300-5
    VH2 ,   62,        0,        ,           , 0.10,    0.5    , https://doi.org/10.1063/1.4866179 
    VH2 ,   62,       60,        ,           , 0.10,    4      , https://doi.org/10.1063/1.4866179 
   NbH2 ,  186,        0,        ,           , 0.10,    1.5    , https://doi.org/10.1063/1.4866179 
   NbH2 ,  186,       60,        ,           , 0.10,    0.5    , https://doi.org/10.1063/1.4866179 
   ZrH  ,   63,      120, 0.71   ,    295.6  , 0.10,   10.6    , https://doi.org/10.1039/C6CP08036G
   TiH2 ,  225,        0, 0.84   ,    127.1 , 0.10,    6.7    , https://doi.org/10.1038/srep28102 
   ScH2 ,  225,        0, 0.696  ,    364.2  , 0.10,   22.826  , https://doi.org/10.1039/C6RA11862C
   ScH2 ,  225,       10, 0.707  ,    433.4  , 0.10,   27.832  , https://doi.org/10.1039/C6RA11862C
   ScH2 ,  225,       20, 0.878  ,    396.7  , 0.10,   34.347  , https://doi.org/10.1039/C6RA11862C
   ScH2 ,  225,       30, 0.976  ,    389.0  , 0.10,   38.110  , https://doi.org/10.1039/C6RA11862C
   ScH2 ,  225,       40, 0.849  ,    381.4  , 0.10,   31.661  , https://doi.org/10.1039/C6RA11862C
   ScH2 ,  225,       50, 0.936  ,    342.7  , 0.10,   32.024  , https://doi.org/10.1039/C6RA11862C
   ScH2 ,  225,       60, 0.872  ,    367.5  , 0.10,   31.550  , https://doi.org/10.1039/C6RA11862C
   ScH2 ,  225,       70, 0.856  ,    361.8  , 0.10,   30.349  , https://doi.org/10.1039/C6RA11862C
   ScH2 ,  225,       80, 0.869  ,    384.9  , 0.10,   32.903  , https://doi.org/10.1039/C6RA11862C
   XeH  ,   71,      100, 1.04   ,           , 0.12,   28.96   , https://doi.org/10.1063/1.4931931 
   XeH  ,   71,      200, 0.79   ,           , 0.12,   16.95   , https://doi.org/10.1063/1.4931931 
   XeH  ,   71,      300, 0.69   ,           , 0.12,   12.92   , https://doi.org/10.1063/1.4931931 
   XeH2 ,   63,      400, 0.69   ,           , 0.12,   28.49   , https://doi.org/10.1063/1.4931931 
   XeH2 ,   63,      500, 0.62   ,           , 0.12,   21.02   , https://doi.org/10.1063/1.4931931 
   XeH2 ,   63,      600, 0.56   ,           , 0.12,   16.00   , https://doi.org/10.1063/1.4931931 
   B2H6 ,   61,      360, 1.32   ,   1270    , 0.13,  125      , https://doi.org/10.1103/PhysRevB.84.104118 
   AlH3 ,  223,       73, 0.5924 ,    389.1  , 0.07,   11.50   , https://doi.org/10.1063/1.4821287
   AlH3 ,  223,       75, 0.5752 ,    379.2  , 0.07,   10.51   , https://doi.org/10.1063/1.4821287
   AlH3 ,  223,       80, 0.5371 ,    363.9  , 0.07,    8.119  , https://doi.org/10.1063/1.4821287
   AlH3 ,  223,       85, 0.5029 ,    372.3  , 0.07,    6.963  , https://doi.org/10.1063/1.4821287
   AlH3 ,  223,       90, 0.4705 ,    378.9  , 0.07,    5.560  , https://doi.org/10.1063/1.4821287
   AlH3 ,  223,       95, 0.4400 ,    385.8  , 0.07,    4.486  , https://doi.org/10.1063/1.4821287
   AlH3 ,  223,      100, 0.4114 ,    392.1  , 0.07,    3.495  , https://doi.org/10.1063/1.4821287
   AlH3 ,  223,      105, 0.3886 ,    399.3  , 0.07,    2.752  , https://doi.org/10.1063/1.4821287
   AlH3 ,  223,      110, 0.3638 ,    397.2  , 0.07,    1.927  , https://doi.org/10.1063/1.4821287
   GaH3 ,  223,      120,        ,           , 0.10,  122.99   , https://doi.org/10.1088/0953-2048/27/1/015003
   InH3 ,  143,      200, 0.919  ,    666.829, 0.10,   40.499  , https://doi.org/10.1021/acs.inorgchem.5b01684
   InH3 ,  143,      250, 0.857  ,    729.191, 0.10,   39.085  , https://doi.org/10.1021/acs.inorgchem.5b01684
   InH3 ,  143,      300, 0.837  ,    740.273, 0.10,   37.972  , https://doi.org/10.1021/acs.inorgchem.5b01684
   InH3 ,  143,      200, 0.919  ,    666.829, 0.13,   34.090  , https://doi.org/10.1021/acs.inorgchem.5b01684
   InH3 ,  143,      250, 0.857  ,    729.191, 0.13,   32.270  , https://doi.org/10.1021/acs.inorgchem.5b01684
   InH3 ,  143,      300, 0.837  ,    740.273, 0.13,   31.133  , https://doi.org/10.1021/acs.inorgchem.5b01684
   InH5 ,   11,      150, 0.85   ,    509    , 0.10,   27.1    , https://doi.org/10.1021/acs.inorgchem.5b01684
   InH5 ,   11,      150, 0.85   ,    509    , 0.13,   22.4    , https://doi.org/10.1021/acs.inorgchem.5b01684
   SiH4 ,   15,      125, 0.89   ,    959    , 0.10,   55      , https://doi.org/10.1209/0295-5075/78/37003
   SiH4 ,   15,      125, 0.89   ,    959    , 0.12,   49      , https://doi.org/10.1209/0295-5075/78/37003
   SiH4 ,   15,      125, 0.89   ,    959    , 0.13,   46      , https://doi.org/10.1209/0295-5075/78/37003
   SiH4 ,   15,       90, 0.81   ,    987    , 0.10,   48      , https://doi.org/10.1209/0295-5075/78/37003
   SiH4 ,   15,       90, 0.81   ,    987    , 0.12,   42      , https://doi.org/10.1209/0295-5075/78/37003
   SiH4 ,   15,       90, 0.81   ,    987    , 0.13,   39      , https://doi.org/10.1209/0295-5075/78/37003
   SiH4 ,  147,      300, 0.63   ,   1320    , 0.12,   32      , https://doi.org/10.1038/srep13039
   SiH8 ,   68,      250, 1.625  ,    871    , 0.10,  107      , https://doi.org/10.1073/pnas.1007354107
   SiH8 ,   68,      250, 1.625  ,    871    , 0.13,   98      , https://doi.org/10.1073/pnas.1007354107
  Si2H6 ,    2,      175, 0.980  ,   1121.42 , 0.10,   75.63   , https://doi.org/10.1073/pnas.1005242107
  Si2H6 ,    2,      200, 1.089  ,   1164.28 , 0.10,   91.78   , https://doi.org/10.1073/pnas.1005242107
  Si2H6 ,  221,      275, 1.397  ,   1443.60 , 0.10,  153.44   , https://doi.org/10.1073/pnas.1005242107
  Si2H6 ,   15,      300, 0.812  ,    866.13 , 0.10,   41.83   , https://doi.org/10.1073/pnas.1005242107
  Si2H6 ,    2,      175, 0.980  ,   1121.42 , 0.13,   64.62   , https://doi.org/10.1073/pnas.1005242107
  Si2H6 ,    2,      200, 1.089  ,   1164.28 , 0.13,   80.10   , https://doi.org/10.1073/pnas.1005242107
  Si2H6 ,  221,      275, 1.397  ,   1443.60 , 0.13,  138.86   , https://doi.org/10.1073/pnas.1005242107
  Si2H6 ,   15,      300, 0.812  ,    866.13 , 0.13,   33.97   , https://doi.org/10.1073/pnas.1005242107
  Si2H6 ,   63,      100, 0.84   ,    478    , 0.10,   24.6    , https://doi.org/10.1103/PhysRevLett.108.117004
  Si2H6 ,   63,      140, 0.68   ,    553    , 0.10,   17.9    , https://doi.org/10.1103/PhysRevLett.108.117004
  Si2H6 ,   63,      160, 0.66   ,    556    , 0.10,   16.7    , https://doi.org/10.1103/PhysRevLett.108.117004
  Si2H6 ,   63,      200, 0.68   ,    501    , 0.10,   16.2    , https://doi.org/10.1103/PhysRevLett.108.117004
  Si2H6 ,   63,      220, 0.76   ,    384    , 0.10,   16.1    , https://doi.org/10.1103/PhysRevLett.108.117004
  Si2H6 ,   63,      100, 0.84   ,    478    , 0.13,   20.2    , https://doi.org/10.1103/PhysRevLett.108.117004
  Si2H6 ,   63,      140, 0.68   ,    553    , 0.13,   13.5    , https://doi.org/10.1103/PhysRevLett.108.117004
  Si2H6 ,   63,      160, 0.66   ,    556    , 0.13,   12.4    , https://doi.org/10.1103/PhysRevLett.108.117004
  Si2H6 ,   63,      200, 0.68   ,    501    , 0.13,   12.2    , https://doi.org/10.1103/PhysRevLett.108.117004
  Si2H6 ,   63,      220, 0.76   ,    384    , 0.13,   12.7    , https://doi.org/10.1103/PhysRevLett.108.117004
   GeH4 ,   65,       20, 1.03   ,           , 0.10,   47      , https://doi.org/10.1007/s10948-010-0675-2
   GeH4 ,   65,       20, 1.03   ,           , 0.15,   36      , https://doi.org/10.1007/s10948-010-0675-2
   GeH8 ,   14,      250, 1.43   ,           , 0.10,   90      , https://doi.org/10.1021/jp211051r
   GeH8 ,   14,      250, 1.43   ,           , 0.15,   76      , https://doi.org/10.1021/jp211051r
   GeH8 ,   14,      230, 1.571  ,           , 0.10,   91.78   , https://doi.org/10.1016/j.physb.2012.10.039 
   GeH8 ,   14,      250, 1.431  ,           , 0.10,   89.56   , https://doi.org/10.1016/j.physb.2012.10.039 
   GeH8 ,   14,      270, 1.342  ,           , 0.10,   87.78   , https://doi.org/10.1016/j.physb.2012.10.039 
   GeH8 ,   14,      290, 1.282  ,           , 0.10,   84.89   , https://doi.org/10.1016/j.physb.2012.10.039 
   GeH8 ,   14,      310, 1.189  ,           , 0.10,   78.67   , https://doi.org/10.1016/j.physb.2012.10.039 
   GeH8 ,   14,      330, 1.051  ,           , 0.10,   67.11   , https://doi.org/10.1016/j.physb.2012.10.039 
   GeH8 ,   14,      350, 0.7800 ,           , 0.10,   46.00   , https://doi.org/10.1016/j.physb.2012.10.039 
   GeH8 ,   14,      230, 1.571  ,           , 0.15,   73.11   , https://doi.org/10.1016/j.physb.2012.10.039 
   GeH8 ,   14,      250, 1.431  ,           , 0.15,   69.33   , https://doi.org/10.1016/j.physb.2012.10.039 
   GeH8 ,   14,      270, 1.342  ,           , 0.15,   67.11   , https://doi.org/10.1016/j.physb.2012.10.039 
   GeH8 ,   14,      290, 1.282  ,           , 0.15,   64.00   , https://doi.org/10.1016/j.physb.2012.10.039 
   GeH8 ,   14,      310, 1.189  ,           , 0.15,   55.78   , https://doi.org/10.1016/j.physb.2012.10.039 
   GeH8 ,   14,      330, 1.051  ,           , 0.15,   41.78   , https://doi.org/10.1016/j.physb.2012.10.039 
   GeH8 ,   14,      350, 0.7800 ,           , 0.15,   23.11   , https://doi.org/10.1016/j.physb.2012.10.039 
   GeH3 ,   66,      220, 1.65  ,            ,     ,   80.3    , https://doi.org/10.1039/C4RA13183E 
   GeH3 ,  223,      180,        ,           ,     ,  140      , http://doi.org/10.1103/PhysRevB.88.174110 
   SnH8 ,  119,      250, 1.139  ,    859.001, 0.10,   72      , https://doi.org/10.1039/C5RA20428C
   SnH8 ,  119,      300, 1.354  ,    724.997, 0.10,   75      , https://doi.org/10.1039/C5RA20428C
   SnH8 ,  119,      350, 1.392  ,    762.179, 0.10,   81      , https://doi.org/10.1039/C5RA20428C
   SnH8 ,  119,      250, 1.139  ,    859.001, 0.13,   63      , https://doi.org/10.1039/C5RA20428C
   SnH8 ,  119,      300, 1.354  ,    724.997, 0.13,   67      , https://doi.org/10.1039/C5RA20428C
   SnH8 ,  119,      350, 1.392  ,    762.179, 0.13,   73      , https://doi.org/10.1039/C5RA20428C
   SnH4 ,   12,      500, 1.023  ,   1026    , 0.13,   63.83   , https://doi.org/10.1039/C5RA27037E 
   SnH4 ,   12,      550, 1.145  ,   1146    , 0.13,   84.67   , https://doi.org/10.1039/C5RA27037E 
   SnH4 ,   12,      600, 1.270  ,   1105    , 0.13,   94.73   , https://doi.org/10.1039/C5RA27037E 
    PH  ,    5,       80, 0.63   ,    476.7  , 0.10,   12.3    , https://doi.org/10.1002/anie.201701660
    PH2 ,   12,       80, 0.95   ,    467.2  , 0.10,   30.1    , https://doi.org/10.1002/anie.201701660
    PH2 ,   65,       80, 0.88   ,    529.4  , 0.10,   29.5    , https://doi.org/10.1002/anie.201701660
    PH4 ,   12,       80, 0.37   ,    683.2  , 0.10,    1.9    , https://doi.org/10.1002/anie.201701660
   SbH4 ,  194,      150, 1.26   ,   1118.60 , 0.10,  106      , https://arxiv.org/abs/1506.03889
   SbH4 ,  194,      200, 1.17   ,   1134.02 , 0.10,   98      , https://arxiv.org/abs/1506.03889
   SbH4 ,  194,      250, 1.13   ,   1096.54 , 0.10,   90      , https://arxiv.org/abs/1506.03889
   SbH4 ,  194,      300, 1.12   ,    998.36 , 0.10,   82      , https://arxiv.org/abs/1506.03889
   SbH4 ,  194,      150, 1.26   ,   1118.60 , 0.13,   95      , https://arxiv.org/abs/1506.03889
   SbH4 ,  194,      200, 1.17   ,   1134.02 , 0.13,   87      , https://arxiv.org/abs/1506.03889
   SbH4 ,  194,      250, 1.13   ,   1096.54 , 0.13,   79      , https://arxiv.org/abs/1506.03889
   SbH4 ,  194,      300, 1.12   ,    998.36 , 0.13,   72      , https://arxiv.org/abs/1506.03889
   SbH  ,   62,      200, 0.50   ,    853.93 , 0.10,   10.5    , https://arxiv.org/abs/1506.03889
   SbH  ,   62,      300, 0.43   ,    966.71 , 0.10,    5.6    , https://arxiv.org/abs/1506.03889
   SbH  ,   62,      200, 0.50   ,    853.93 , 0.13,    6.3    , https://arxiv.org/abs/1506.03889
   SbH  ,   62,      300, 0.43   ,    966.71 , 0.13,    2.7    , https://arxiv.org/abs/1506.03889
   BiH2 ,   62,      125, 1.24   ,    422    , 0.13,   39      , https://doi.org/10.1103/PhysRevB.92.224109 
   BiH3 ,  141,      270, 1.07   ,    905    , 0.13,   65      , https://doi.org/10.1103/PhysRevB.92.224109 
   SbH3 ,   62,      170, 1.25   ,    731    , 0.13,   68      , https://doi.org/10.1103/PhysRevB.92.224109 
   PoH  ,  194,      300,        ,           , 0.10,    0.65   , https://doi.org/10.1039/C5RA19223D 
   PoH2 ,   62,      200,        ,           , 0.10,    0.00   , https://doi.org/10.1039/C5RA19223D 
   PoH4 ,   15,      200,        ,           , 0.10,   47.2    , https://doi.org/10.1039/C5RA19223D 
   PoH6 ,   12,      200,        ,           , 0.10,    4.68   , https://doi.org/10.1039/C5RA19223D 
   PoH  ,  194,      300,        ,           , 0.13,    0.14   , https://doi.org/10.1039/C5RA19223D 
   PoH2 ,   62,      200,        ,           , 0.13,    0.00   , https://doi.org/10.1039/C5RA19223D 
   PoH4 ,   15,      200,        ,           , 0.13,   41.1    , https://doi.org/10.1039/C5RA19223D 
   PoH6 ,   12,      200,        ,           , 0.13,    2.25   , https://doi.org/10.1039/C5RA19223D 
   PoH4 ,   15,      150, 1.18   ,    423.8  , 0.10,   37.2    , https://doi.org/10.1039/C5RA19223D 
   PoH4 ,   15,      200, 1.08   ,    603.0  , 0.10,   47.2    , https://doi.org/10.1039/C5RA19223D 
   PoH4 ,   15,      250, 0.97   ,    804.2  , 0.10,   53.6    , https://doi.org/10.1039/C5RA19223D 
   PoH4 ,   15,      150, 1.18   ,    423.8  , 0.13,   32.9    , https://doi.org/10.1039/C5RA19223D 
   PoH4 ,   15,      200, 1.08   ,    603.0  , 0.13,   41.2    , https://doi.org/10.1039/C5RA19223D 
   PoH4 ,   15,      250, 0.97   ,    804.2  , 0.13,   45.7    , https://doi.org/10.1039/C5RA19223D 
   ClH2 ,  166,      400, 0.66   ,   1368    , 0.10,   44.8    , https://doi.org/10.1039/C6CP08708F 
   ClH2 ,  166,      400, 0.66   ,   1368    , 0.13,   43.9    , https://doi.org/10.1039/C6CP08708F 
   BrH  ,   11,      140, 0.7466 ,    684.74 , 0.10,   27.680  , https://doi.org/10.1063/1.3471446 
   BrH  ,   11,      160, 0.7961 ,    725.39 , 0.10,   33.655  , https://doi.org/10.1063/1.3471446 
   BrH  ,   11,      180, 0.9761 ,    727.93 , 0.10,   48.818  , https://doi.org/10.1063/1.3471446 
   BrH  ,   11,      200, 0.9942 ,    744.55 , 0.10,   51.385  , https://doi.org/10.1063/1.3471446 
   ClH  ,   11,      240, 0.4499 ,    937.11 , 0.10,    7.224  , https://doi.org/10.1063/1.3471446 
   ClH  ,   11,      280, 0.5305 ,    920.70 , 0.10,   14.003  , https://doi.org/10.1063/1.3471446 
   ClH  ,   11,      320, 0.6837 ,    909.42 , 0.10,   29.834  , https://doi.org/10.1063/1.3471446 
   ClH  ,   11,      360, 0.7818 ,    909.78 , 0.13,   32.577  , https://doi.org/10.1063/1.3471446 
   BrH  ,   11,      140, 0.7466 ,    684.74 , 0.13,   21.083  , https://doi.org/10.1063/1.3471446 
   BrH  ,   11,      160, 0.7961 ,    725.39 , 0.13,   27.144  , https://doi.org/10.1063/1.3471446 
   BrH  ,   11,      180, 0.9761 ,    727.93 , 0.13,   41.684  , https://doi.org/10.1063/1.3471446 
   BrH  ,   11,      200, 0.9942 ,    744.55 , 0.13,   44.048  , https://doi.org/10.1063/1.3471446 
   ClH  ,   11,      240, 0.4499 ,    937.11 , 0.13,    3.834  , https://doi.org/10.1063/1.3471446 
   ClH  ,   11,      280, 0.5305 ,    920.70 , 0.13,    8.963  , https://doi.org/10.1063/1.3471446 
   ClH  ,   11,      320, 0.6837 ,    909.42 , 0.13,   22.613  , https://doi.org/10.1063/1.3471446 
   ClH  ,   11,      360, 0.7818 ,    909.78 , 0.13,   32.577  , https://doi.org/10.1063/1.3471446 
   BrH  ,   12,      150, 0.6700 ,    882.0  , 0.12,   28.4    , https://doi.org/10.1039/C5RA06998J 
   BrH  ,   12,      200, 0.5400 ,    964.9  , 0.12,   15.7    , https://doi.org/10.1039/C5RA06998J 
   BrH  ,   12,      250, 0.4849 ,   1038.0  , 0.12,   10.6    , https://doi.org/10.1039/C5RA06998J 
   BrH  ,   12,      300, 0.4509 ,   1125.0  , 0.12,    9.8    , https://doi.org/10.1039/C5RA06998J 
   BrH2 ,   63,      240, 0.51   ,    919    , 0.10,   12.1    , https://arxiv.org/abs/1504.01196
   BrH2 ,   63,      240, 0.51   ,    919    , 0.13,    7.5    , https://arxiv.org/abs/1504.01196
   BrH4 ,  194,      240, 0.35   ,   1302    , 0.10,    2.4    , https://arxiv.org/abs/1504.01196
   BrH4 ,  194,      240, 0.35   ,   1302    , 0.13,    0.8    , https://arxiv.org/abs/1504.01196
    SH3 ,  160,      100, 1.70   ,   1050    , 0.13,  141      , https://doi.org/10.7566/JPSJ.87.124711
    SH3 ,  160,      150, 2.22   ,   1000    , 0.13,  176      , https://doi.org/10.7566/JPSJ.87.124711
    SH3 ,  229,      200, 1.94   ,   1230    , 0.13,  189      , https://doi.org/10.7566/JPSJ.87.124711
    SH3 ,  229,      250, 1.58   ,   1400    , 0.13,  173      , https://doi.org/10.7566/JPSJ.87.124711
    SH2 ,    7,      100, 1.49   ,    380    , 0.10,   42      , https://doi.org/10.1038/s41598-019-41607-1
    SH2 ,    7,      110, 1.56   ,    356    , 0.10,   42      , https://doi.org/10.1038/s41598-019-41607-1
    SH2 ,    7,      120, 1.64   ,    344    , 0.10,   42      , https://doi.org/10.1038/s41598-019-41607-1
    SH2 ,    7,      130, 1.75   ,    332    , 0.10,   43      , https://doi.org/10.1038/s41598-019-41607-1


Ternary
   PFH4 ,   36,      300,  0.7142,    963    , 0.13,   27      , By T. Ishikawa
  YCaH12,  221,      180,  2.15  ,     1225.1, 0.10,  229.9    , https://doi.org/10.1088/1361-648X/ab09b4
  YCaH12,  221,      200,  1.96  ,     1281.4, 0.10,  222.0    , https://doi.org/10.1088/1361-648X/ab09b4
  YCaH12,  221,      250,  1.72  ,     1385.1, 0.10,  210.8    , https://doi.org/10.1088/1361-648X/ab09b4
  YCaH12,  221,      180,  2.15  ,     1225.1, 0.13,  215.5    , https://doi.org/10.1088/1361-648X/ab09b4
  YCaH12,  221,      200,  1.96  ,     1281.4, 0.13,  206.9    , https://doi.org/10.1088/1361-648X/ab09b4
  YCaH12,  221,      250,  1.72  ,     1385.1, 0.13,  194.7    , https://doi.org/10.1088/1361-648X/ab09b4
 MgSiH6 ,  200,      250,  0.956 ,    973.810, 0.10,   63.144  , https://doi.org/10.1103/PhysRevB.96.144518
 MgSiH6 ,  200,      275,  0.867 ,   1059.634, 0.10,   58.048  , https://doi.org/10.1103/PhysRevB.96.144518
 MgSiH6 ,  200,      300,  0.806 ,   1106.188, 0.10,   52.651  , https://doi.org/10.1103/PhysRevB.96.144518
 MgSiH6 ,  200,      250,  0.956 ,    973.810, 0.13,   53.651  , https://doi.org/10.1103/PhysRevB.96.144518
 MgSiH6 ,  200,      275,  0.867 ,   1059.634, 0.13,   48.090  , https://doi.org/10.1103/PhysRevB.96.144518
 MgSiH6 ,  200,      300,  0.806 ,   1106.188, 0.13,   42.646  , https://doi.org/10.1103/PhysRevB.96.144518
  Al2H6 ,  223,      250,  0.2176,   1301.11 , 0.10,    0.0006 , https://doi.org/10.1103/PhysRevB.96.144518
 AlSiH6 ,  200,      250,  0.5421,   1370.07 , 0.10,   22.51   , https://doi.org/10.1103/PhysRevB.96.144518
 MgSiH6 ,  200,      200,  1.16 ,     773.03 , 0.10,   66.6    , https://doi.org/10.1039/c7cp05267g
 MgSiH6 ,  200,      250,  0.94 ,     930.59 , 0.10,   59.05   , https://doi.org/10.1039/c7cp05267g
 MgSiH6 ,  200,      300,  0.82 ,    1030.84 , 0.10,   50.29   , https://doi.org/10.1039/c7cp05267g
  KAuH2 ,  123,      120,  0.3  ,            , 0.11,    0.3    , https://doi.org/10.1021/jacs.7b04456
BaAu2H4 ,   79,        0,  2.0  ,            , 0.12,   30      , https://doi.org/10.1021/jacs.7b04456
SrAu2H4 ,   79,        0,  0.9  ,            , 0.12,   10      , https://doi.org/10.1021/jacs.7b04456
  MgCH4 ,  129,       75,  1.17 ,            , 0.10,   88      , https://doi.org/10.1088/2053-1591/2/4/046001
  MgCH4 ,  129,       90,  1.45 ,            , 0.10,   96      , https://doi.org/10.1088/2053-1591/2/4/046001
  MgCH4 ,  129,      105,  1.49 ,            , 0.10,  121      , https://doi.org/10.1088/2053-1591/2/4/046001
  MgCH4 ,  129,      120,  1.43 ,            , 0.10,   84      , https://doi.org/10.1088/2053-1591/2/4/046001
 ClS7H24,  229,      100, 1.85   ,    947    , 0.13,  140      , https://doi.org/10.7566/JPSJ.87.124711
 ClS7H24,  229,      150, 2.18   ,    851    , 0.13,  148      , https://doi.org/10.7566/JPSJ.87.124711
 ClS7H24,  229,      200, 1.32   ,   1380    , 0.13,  136      , https://doi.org/10.7566/JPSJ.87.124711
 ClS7H24,  229,      250, 1.14   ,   1510    , 0.13,  119      , https://doi.org/10.7566/JPSJ.87.124711
ClS15H48,  229,      100, 1.59   ,   1010    , 0.13,  126      , https://doi.org/10.7566/JPSJ.87.124711
ClS15H48,  229,      150, 2.04   ,    893    , 0.13,  146      , https://doi.org/10.7566/JPSJ.87.124711
ClS15H48,  229,      200, 1.52   ,   1380    , 0.13,  161      , https://doi.org/10.7566/JPSJ.87.124711
ClS15H48,  229,      250, 1.23   ,   1610    , 0.13,  142      , https://doi.org/10.7566/JPSJ.87.124711
 PS15H48,  229,      100, 1.69   ,    977    , 0.13,  131      , https://doi.org/10.7566/JPSJ.87.124711
 PS15H48,  229,      150, 2.82   ,    761    , 0.13,  170      , https://doi.org/10.7566/JPSJ.87.124711
 PS15H48,  229,      200, 2.32   ,   1180    , 0.13,  212      , https://doi.org/10.7566/JPSJ.87.124711
 PS15H48,  229,      250, 1.60   ,   1530    , 0.13,  190      , https://doi.org/10.7566/JPSJ.87.124711
  PS7H24,  229,      100, 1.89   ,    895    , 0.13,  136      , https://doi.org/10.7566/JPSJ.87.124711
  PS7H24,  229,      150, 2.22   ,    950    , 0.13,  168      , https://doi.org/10.7566/JPSJ.87.124711
  PS7H24,  229,      200, 2.22   ,   1110    , 0.13,  194      , https://doi.org/10.7566/JPSJ.87.124711
  PS7H24,  229,      250, 1.53   ,   1500    , 0.13,  177      , https://doi.org/10.7566/JPSJ.87.124711
S2Se8H30,     ,      200,  0.73  ,       1400, 0.10,   54      , https://arxiv.org/abs/1812.03384
S3Se7H30,     ,      200,  0.63  ,       1448, 0.10,   39      , https://arxiv.org/abs/1812.03384
S5Se5H30,     ,      200,  0.99  ,       1421, 0.10,   99      , https://arxiv.org/abs/1812.03384
S6Se4H30,     ,      200,  0.91  ,       1414, 0.10,   84      , https://arxiv.org/abs/1812.03384










